[23:45:17] INFO     Using existing run at 'RUN_2026-09-27_23-16-07' with the 'Classic' flow.                                flow.py:604
[23:45:17] VERBOSE  Using state at                                                                                          flow.py:643
                    '/home/prabh_7p1rxca/systolic/runs/RUN_2026-09-27_23-16-07/06-yosys-synthesis/state_out.json'.                     
[23:45:17] INFO     Starting…                                                                                         sequential.py:339
[23:45:17] INFO     Skipping step 'Verilator Lint'…                                                                   sequential.py:370
[23:45:17] INFO     Skipping step 'Lint Timing Error Checker'…                                                        sequential.py:370
[23:45:17] INFO     Skipping step 'Lint Errors Checker'…                                                              sequential.py:370
[23:45:17] INFO     Skipping step 'Lint Warnings Checker'…                                                            sequential.py:370
[23:45:17] INFO     Skipping step 'Generate JSON Header'…                                                             sequential.py:370
[23:45:17] INFO     Skipping step 'Synthesis'…                                                                        sequential.py:370
─────────────────────────────────────────────────────── Unmapped Cells Checker ────────────────────────────────────────────────────────
[23:45:17] VERBOSE  Running 'Checker.YosysUnmappedCells' at                                                                step.py:1138
                    '../systolic/runs/RUN_2026-09-27_23-16-07/07-checker-yosysunmappedcells'…                                          
[23:45:17] INFO     Check for Unmapped Yosys instances clear.                                                            checker.py:131
───────────────────────────────────────────────────────── Yosys Synth Checks ──────────────────────────────────────────────────────────
[23:45:17] VERBOSE  Running 'Checker.YosysSynthChecks' at                                                                  step.py:1138
                    '../systolic/runs/RUN_2026-09-27_23-16-07/08-checker-yosyssynthchecks'…                                            
[23:45:17] INFO     Check for Yosys check errors clear.                                                                  checker.py:131
────────────────────────────────────────────────── Netlist Assign Statement Checker ───────────────────────────────────────────────────
[23:45:17] VERBOSE  Running 'Checker.NetlistAssignStatements' at                                                           step.py:1138
                    '../systolic/runs/RUN_2026-09-27_23-16-07/09-checker-netlistassignstatements'…                                     
─────────────────────────────────────────────────────────── Check SDC Files ───────────────────────────────────────────────────────────
[23:45:18] VERBOSE  Running 'OpenROAD.CheckSDCFiles' at                                                                    step.py:1138
                    '../systolic/runs/RUN_2026-09-27_23-16-07/10-openroad-checksdcfiles'…                                              
[23:45:18] WARNING  'PNR_SDC_FILE' is not defined. Using generic fallback SDC for OpenROAD PnR steps.                   openroad.py:184
[23:45:18] WARNING  'SIGNOFF_SDC_FILE' is not defined. Using generic fallback SDC for OpenROAD PnR steps.               openroad.py:188
──────────────────────────────────────────────────────── Check Macro Instances ────────────────────────────────────────────────────────
[23:45:18] VERBOSE  Running 'OpenROAD.CheckMacroInstances' at                                                              step.py:1138
                    '../systolic/runs/RUN_2026-09-27_23-16-07/11-openroad-checkmacroinstances'…                                        
[23:45:18] INFO     No macros found, skipping instance check…                                                           openroad.py:692
────────────────────────────────────────────────── Static Timing Analysis (Pre-PnR) ───────────────────────────────────────────────────
[23:45:18] VERBOSE  Running 'OpenROAD.STAPrePNR' at '../systolic/runs/RUN_2026-09-27_23-16-07/12-openroad-staprepnr'…      step.py:1138
[23:45:18] INFO     Starting STA for the nom_tt_025C_1v80 timing corner…                                                openroad.py:747
[23:45:18] INFO     Starting STA for the nom_ss_100C_1v60 timing corner…                                                openroad.py:747
[23:45:18] VERBOSE  Logging subprocess to                                                                                  step.py:1338
                    '../systolic/runs/RUN_2026-09-27_23-16-07/12-openroad-staprepnr/nom_tt_025C_1v80/sta.log'…                         
[23:45:18] INFO     Starting STA for the nom_ff_n40C_1v95 timing corner…                                                openroad.py:747
[23:45:18] INFO     Skipping corner min_tt_025C_1v80 for STA (identical to nom_tt_025C_1v80 at this stage)…             openroad.py:785
[23:45:18] VERBOSE  Logging subprocess to                                                                                  step.py:1338
                    '../systolic/runs/RUN_2026-09-27_23-16-07/12-openroad-staprepnr/nom_ss_100C_1v60/sta.log'…                         
[23:45:18] INFO     Skipping corner min_ss_100C_1v60 for STA (identical to nom_ss_100C_1v60 at this stage)…             openroad.py:785
[23:45:18] INFO     Skipping corner min_ff_n40C_1v95 for STA (identical to nom_ff_n40C_1v95 at this stage)…             openroad.py:785
[23:45:18] INFO     Skipping corner max_tt_025C_1v80 for STA (identical to nom_tt_025C_1v80 at this stage)…             openroad.py:785
[23:45:18] INFO     Skipping corner max_ss_100C_1v60 for STA (identical to nom_ss_100C_1v60 at this stage)…             openroad.py:785
[23:45:18] INFO     Skipping corner max_ff_n40C_1v95 for STA (identical to nom_ff_n40C_1v95 at this stage)…             openroad.py:785
[23:45:18] VERBOSE  Logging subprocess to                                                                                  step.py:1338
                    '../systolic/runs/RUN_2026-09-27_23-16-07/12-openroad-staprepnr/nom_ff_n40C_1v95/sta.log'…                         
[23:49:38] INFO     Finished STA for the nom_ff_n40C_1v95 timing corner.                                                openroad.py:762
[23:49:39] INFO     Finished STA for the nom_tt_025C_1v80 timing corner.                                                openroad.py:762
[23:49:42] INFO     Finished STA for the nom_ss_100C_1v60 timing corner.                                                openroad.py:762
┏━━━━━━━━━━━━━━━━━━━━━━┳━━━━━━━━┳━━━━━━━━┳━━━━━━━━┳━━━━━━━━┳━━━━━━━━┳━━━━━━━━┳━━━━━━━━┳━━━━━━━━━┳━━━━━━━━┳━━━━━━━━━┳━━━━━━━━┳━━━━━━━━━┓
┃                      ┃        ┃        ┃        ┃        ┃ of     ┃        ┃        ┃         ┃        ┃ of      ┃        ┃         ┃
┃                      ┃ Hold   ┃ Reg to ┃        ┃ Hold   ┃ which  ┃ Setup  ┃ Reg to ┃         ┃ Setup  ┃ which   ┃ Max    ┃ Max     ┃
┃                      ┃ Worst  ┃ Reg    ┃ Hold   ┃ Vio    ┃ reg to ┃ Worst  ┃ Reg    ┃ Setup   ┃ Vio    ┃ reg to  ┃ Cap    ┃ Slew    ┃
┃ Corner/Group         ┃ Slack  ┃ Paths  ┃ TNS    ┃ Count  ┃ reg    ┃ Slack  ┃ Paths  ┃ TNS     ┃ Count  ┃ reg     ┃ Viola… ┃ Violat… ┃
┡━━━━━━━━━━━━━━━━━━━━━━╇━━━━━━━━╇━━━━━━━━╇━━━━━━━━╇━━━━━━━━╇━━━━━━━━╇━━━━━━━━╇━━━━━━━━╇━━━━━━━━━╇━━━━━━━━╇━━━━━━━━━╇━━━━━━━━╇━━━━━━━━━┩
│ Overall              │ -0.03… │ -0.03… │ -65.4… │ 1930   │ 1930   │ -604.… │ -604.… │ -53494… │ 43670  │ 29518   │ 752    │ 162083  │
│ nom_tt_025C_1v80     │ 0.0804 │ 0.0804 │ 0.0000 │ 0      │ 0      │ -604.… │ -604.… │ -53494… │ 14386  │ 9498    │ 476    │ 142294  │
│ nom_ss_100C_1v60     │ 0.4007 │ 0.4007 │ 0.0000 │ 0      │ 0      │ -366.… │ -366.… │ -33326… │ 14899  │ 10530   │ 752    │ 162083  │
│ nom_ff_n40C_1v95     │ -0.03… │ -0.03… │ -65.4… │ 1930   │ 1930   │ -421.… │ -421.… │ -36527… │ 14385  │ 9490    │ 183    │ 136600  │
└──────────────────────┴────────┴────────┴────────┴────────┴────────┴────────┴────────┴─────────┴────────┴─────────┴────────┴─────────┘
────────────────────────────────────────────────────── Floorplan Initialization ───────────────────────────────────────────────────────
[23:49:42] VERBOSE  Running 'OpenROAD.Floorplan' at '../systolic/runs/RUN_2026-09-27_23-16-07/13-openroad-floorplan'…      step.py:1138
[23:49:42] VERBOSE  Logging subprocess to                                                                                  step.py:1338
                    '../systolic/runs/RUN_2026-09-27_23-16-07/13-openroad-floorplan/openroad-floorplan.log'…                           
Reading timing models for corner nom_tt_025C_1v80…                                                                                     
Reading timing library for the 'nom_tt_025C_1v80' corner at                                                                            
'/home/prabh_7p1rxca/.ciel/ciel/sky130/versions/8afc8346a57fe1ab7934ba5a6056ea8b43078e71/sky130A/libs.ref/sky130_fd_sc_hd/lib/sky130_fd
_sc_hd__tt_025C_1v80.lib'…                                                                                                             
Reading technology LEF file at                                                                                                         
'/home/prabh_7p1rxca/.ciel/ciel/sky130/versions/8afc8346a57fe1ab7934ba5a6056ea8b43078e71/sky130A/libs.ref/sky130_fd_sc_hd/techlef/sky13
0_fd_sc_hd__nom.tlef'…                                                                                                                 
[INFO ODB-0227] LEF file:                                                                                                              
/home/prabh_7p1rxca/.ciel/ciel/sky130/versions/8afc8346a57fe1ab7934ba5a6056ea8b43078e71/sky130A/libs.ref/sky130_fd_sc_hd/techlef/sky130
_fd_sc_hd__nom.tlef, created 14 layers, 25 vias                                                                                        
Reading cell LEF file at                                                                                                               
'/home/prabh_7p1rxca/.ciel/ciel/sky130/versions/8afc8346a57fe1ab7934ba5a6056ea8b43078e71/sky130A/libs.ref/sky130_fd_sc_hd/lef/sky130_ef
_sc_hd.lef'…                                                                                                                           
The NOWIREEXTENSIONATPIN statement will be ignored. See file                                                                           
/home/prabh_7p1rxca/.ciel/ciel/sky130/versions/8afc8346a57fe1ab7934ba5a6056ea8b43078e71/sky130A/libs.ref/sky130_fd_sc_hd/lef/sky130_ef_
sc_hd.lef at line 2.                                                                                                                   
                                                                                                                                       
[INFO ODB-0227] LEF file:                                                                                                              
/home/prabh_7p1rxca/.ciel/ciel/sky130/versions/8afc8346a57fe1ab7934ba5a6056ea8b43078e71/sky130A/libs.ref/sky130_fd_sc_hd/lef/sky130_ef_
sc_hd.lef, created 8 library cells                                                                                                     
Reading cell LEF file at                                                                                                               
'/home/prabh_7p1rxca/.ciel/ciel/sky130/versions/8afc8346a57fe1ab7934ba5a6056ea8b43078e71/sky130A/libs.ref/sky130_fd_sc_hd/lef/sky130_fd
_sc_hd.lef'…                                                                                                                           
The NOWIREEXTENSIONATPIN statement will be ignored. See file                                                                           
/home/prabh_7p1rxca/.ciel/ciel/sky130/versions/8afc8346a57fe1ab7934ba5a6056ea8b43078e71/sky130A/libs.ref/sky130_fd_sc_hd/lef/sky130_fd_
sc_hd.lef at line 2.                                                                                                                   
                                                                                                                                       
[INFO ODB-0227] LEF file:                                                                                                              
/home/prabh_7p1rxca/.ciel/ciel/sky130/versions/8afc8346a57fe1ab7934ba5a6056ea8b43078e71/sky130A/libs.ref/sky130_fd_sc_hd/lef/sky130_fd_
sc_hd.lef, created 437 library cells                                                                                                   
Reading top-level netlist at '/home/prabh_7p1rxca/systolic/runs/RUN_2026-09-27_23-16-07/06-yosys-synthesis/tile_top.nl.v'…             
Linking design 'tile_top' from netlist…                                                                                                
Reading design constraints file at                                                                                                     
'/nix/store/lcvld6fc4m68z364dyg91rkipah5cj6n-python3-3.13.9-env/lib/python3.13/site-packages/librelane/scripts/base.sdc'…              
[INFO] Using clock clk…                                                                                                                
[INFO] Setting output delay to: 5.0                                                                                                    
[INFO] Setting input delay to: 5.0                                                                                                     
[INFO] Setting load to: 0.033442                                                                                                       
[INFO] Setting clock uncertainty to: 0.25                                                                                              
[INFO] Setting clock transition to: 0.1499999999999999944488848768742172978818416595458984375                                          
[INFO] Setting timing derate to: 5.0%                                                                                                  
Using site height: 2.72 and site width: 0.46…                                                                                          
[INFO] Using relative sizing for the floorplan.                                                                                        
+ initialize_floorplan -site unithd -utilization 40.0 -aspect_ratio 1.0 -core_space 10.88 10.88 5.5200000000000005 5.5200000000000005  
[INFO IFP-0107] Defining die area using utilization: 40.00% and aspect ratio: 1.                                                       
[INFO IFP-0001] Added 1063 rows of 6288 site unithd.                                                                                   
[INFO IFP-0100] Die BBox:  (  0.000  0.000 ) ( 2903.950 2914.670 ) um                                                                  
[INFO IFP-0101] Core BBox: (  5.520 10.880 ) ( 2898.000 2902.240 ) um                                                                  
[INFO IFP-0102] Core area:                      8363200.973 um^2                                                                       
[INFO IFP-0103] Total instances area:           3347574.339 um^2                                                                       
[INFO IFP-0104] Effective utilization:                0.400                                                                            
[INFO IFP-0105] Number of instances:                 322001                                                                            
[INFO IFP-0030] Inserted 0 tiecells using sky130_fd_sc_hd__conb_1/LO.                                                                  
[INFO IFP-0030] Inserted 0 tiecells using sky130_fd_sc_hd__conb_1/HI.                                                                  
[INFO] Extracting DIE_AREA and CORE_AREA from the floorplan                                                                            
[INFO] Floorplanned on a die area of 0.0 0.0 2903.95 2914.67 (µm).                                                                     
[INFO] Floorplanned on a core area of 5.52 10.88 2898.0 2902.24 (µm).                                                                  
Writing metric design__die__bbox: 0.0 0.0 2903.95 2914.67                                                                              
Writing metric design__core__bbox: 5.52 10.88 2898.0 2902.24                                                                           
Setting global connections for newly added cells…                                                                                      
[INFO] Setting global connections...                                                                                                   
[INFO ODB-0403] 0 connections made, 0 conflicts skipped.                                                                               
Updating metrics…                                                                                                                      
Cell type report:                       Count       Area                                                                               
  Inverter                               4181   15693.80                                                                               
  Sequential cell                       25509  542586.63                                                                               
  Multi-Input combinational cell       292311 2789293.90                                                                               
  Total                                322001 3347574.34                                                                               
Writing OpenROAD database to '/home/prabh_7p1rxca/systolic/runs/RUN_2026-09-27_23-16-07/13-openroad-floorplan/tile_top.odb'…           
Writing netlist to '/home/prabh_7p1rxca/systolic/runs/RUN_2026-09-27_23-16-07/13-openroad-floorplan/tile_top.nl.v'…                    
Writing powered netlist to '/home/prabh_7p1rxca/systolic/runs/RUN_2026-09-27_23-16-07/13-openroad-floorplan/tile_top.pnl.v'…           
Writing layout to '/home/prabh_7p1rxca/systolic/runs/RUN_2026-09-27_23-16-07/13-openroad-floorplan/tile_top.def'…                      
Writing timing constraints to '/home/prabh_7p1rxca/systolic/runs/RUN_2026-09-27_23-16-07/13-openroad-floorplan/tile_top.sdc'…          
─────────────────────────────────────────────────────────── Dump RC Values ────────────────────────────────────────────────────────────
[23:50:11] VERBOSE  Running 'OpenROAD.DumpRCValues' at                                                                     step.py:1138
                    '../systolic/runs/RUN_2026-09-27_23-16-07/14-openroad-dumprcvalues'…                                               
[23:50:11] VERBOSE  Logging subprocess to                                                                                  step.py:1338
                    '../systolic/runs/RUN_2026-09-27_23-16-07/14-openroad-dumprcvalues/openroad-dumprcvalues.log'…                     
Reading timing models for corner nom_tt_025C_1v80…                                                                                     
Reading timing library for the 'nom_tt_025C_1v80' corner at                                                                            
'/home/prabh_7p1rxca/.ciel/ciel/sky130/versions/8afc8346a57fe1ab7934ba5a6056ea8b43078e71/sky130A/libs.ref/sky130_fd_sc_hd/lib/sky130_fd
_sc_hd__tt_025C_1v80.lib'…                                                                                                             
Reading technology LEF file at                                                                                                         
'/home/prabh_7p1rxca/.ciel/ciel/sky130/versions/8afc8346a57fe1ab7934ba5a6056ea8b43078e71/sky130A/libs.ref/sky130_fd_sc_hd/techlef/sky13
0_fd_sc_hd__nom.tlef'…                                                                                                                 
[INFO ODB-0227] LEF file:                                                                                                              
/home/prabh_7p1rxca/.ciel/ciel/sky130/versions/8afc8346a57fe1ab7934ba5a6056ea8b43078e71/sky130A/libs.ref/sky130_fd_sc_hd/techlef/sky130
_fd_sc_hd__nom.tlef, created 14 layers, 25 vias                                                                                        
Reading cell LEF file at                                                                                                               
'/home/prabh_7p1rxca/.ciel/ciel/sky130/versions/8afc8346a57fe1ab7934ba5a6056ea8b43078e71/sky130A/libs.ref/sky130_fd_sc_hd/lef/sky130_ef
_sc_hd.lef'…                                                                                                                           
The NOWIREEXTENSIONATPIN statement will be ignored. See file                                                                           
/home/prabh_7p1rxca/.ciel/ciel/sky130/versions/8afc8346a57fe1ab7934ba5a6056ea8b43078e71/sky130A/libs.ref/sky130_fd_sc_hd/lef/sky130_ef_
sc_hd.lef at line 2.                                                                                                                   
                                                                                                                                       
[INFO ODB-0227] LEF file:                                                                                                              
/home/prabh_7p1rxca/.ciel/ciel/sky130/versions/8afc8346a57fe1ab7934ba5a6056ea8b43078e71/sky130A/libs.ref/sky130_fd_sc_hd/lef/sky130_ef_
sc_hd.lef, created 8 library cells                                                                                                     
Reading cell LEF file at                                                                                                               
'/home/prabh_7p1rxca/.ciel/ciel/sky130/versions/8afc8346a57fe1ab7934ba5a6056ea8b43078e71/sky130A/libs.ref/sky130_fd_sc_hd/lef/sky130_fd
_sc_hd.lef'…                                                                                                                           
The NOWIREEXTENSIONATPIN statement will be ignored. See file                                                                           
/home/prabh_7p1rxca/.ciel/ciel/sky130/versions/8afc8346a57fe1ab7934ba5a6056ea8b43078e71/sky130A/libs.ref/sky130_fd_sc_hd/lef/sky130_fd_
sc_hd.lef at line 2.                                                                                                                   
                                                                                                                                       
[INFO ODB-0227] LEF file:                                                                                                              
/home/prabh_7p1rxca/.ciel/ciel/sky130/versions/8afc8346a57fe1ab7934ba5a6056ea8b43078e71/sky130A/libs.ref/sky130_fd_sc_hd/lef/sky130_fd_
sc_hd.lef, created 437 library cells                                                                                                   
[INFO ODB-0127] Reading DEF file: /home/prabh_7p1rxca/systolic/runs/RUN_2026-09-27_23-16-07/13-openroad-floorplan/tile_top.def         
[INFO ODB-0128] Design: tile_top                                                                                                       
[INFO ODB-0094]                 Created 100000 Insts                                                                                   
[INFO ODB-0094]                 Created 200000 Insts                                                                                   
[INFO ODB-0094]                 Created 300000 Insts                                                                                   
[INFO ODB-0097]                 Created 100000 Nets                                                                                    
[INFO ODB-0097]                 Created 200000 Nets                                                                                    
[INFO ODB-0097]                 Created 300000 Nets                                                                                    
[INFO ODB-0130]     Created 1624 pins.                                                                                                 
[INFO ODB-0131]     Created 322001 components and 2457593 component-terminals.                                                         
[INFO ODB-0132]     Created 2 special nets and 1288004 connections.                                                                    
[INFO ODB-0133]     Created 323106 nets and 1169589 connections.                                                                       
[INFO ODB-0134] Finished DEF file: /home/prabh_7p1rxca/systolic/runs/RUN_2026-09-27_23-16-07/13-openroad-floorplan/tile_top.def        
───────────────────────────────────── Check Antenna Properties of Macros Pins in Their LEF Views ──────────────────────────────────────
[23:50:19] VERBOSE  Running 'Odb.CheckMacroAntennaProperties' at                                                           step.py:1138
                    '../systolic/runs/RUN_2026-09-27_23-16-07/15-odb-checkmacroantennaproperties'…                                     
[23:50:19] INFO     No cells provided, skipping 'Odb.CheckMacroAntennaProperties'…                                           odb.py:234
──────────────────────────────────────────────────────── Set Power Connections ────────────────────────────────────────────────────────
[23:50:19] VERBOSE  Running 'Odb.SetPowerConnections' at                                                                   step.py:1138
                    '../systolic/runs/RUN_2026-09-27_23-16-07/16-odb-setpowerconnections'…                                             
[23:50:19] VERBOSE  Logging subprocess to                                                                                  step.py:1338
                    '../systolic/runs/RUN_2026-09-27_23-16-07/16-odb-setpowerconnections/odb-setpowerconnections.log'…                 
─────────────────────────────────────────────────────── Manual Macro Placement ────────────────────────────────────────────────────────
[23:50:26] VERBOSE  Running 'Odb.ManualMacroPlacement' at                                                                  step.py:1138
                    '../systolic/runs/RUN_2026-09-27_23-16-07/17-odb-manualmacroplacement'…                                            
[23:50:26] INFO     No instances found, skipping 'Odb.ManualMacroPlacement'…                                                 odb.py:468
────────────────────────────────────────────────────────────── Cut Rows ───────────────────────────────────────────────────────────────
[23:50:26] VERBOSE  Running 'OpenROAD.CutRows' at '../systolic/runs/RUN_2026-09-27_23-16-07/18-openroad-cutrows'…          step.py:1138
[23:50:26] VERBOSE  Logging subprocess to                                                                                  step.py:1338
                    '../systolic/runs/RUN_2026-09-27_23-16-07/18-openroad-cutrows/openroad-cutrows.log'…                               
Reading timing models for corner nom_tt_025C_1v80…                                                                                     
Reading timing library for the 'nom_tt_025C_1v80' corner at                                                                            
'/home/prabh_7p1rxca/.ciel/ciel/sky130/versions/8afc8346a57fe1ab7934ba5a6056ea8b43078e71/sky130A/libs.ref/sky130_fd_sc_hd/lib/sky130_fd
_sc_hd__tt_025C_1v80.lib'…                                                                                                             
Reading OpenROAD database at '/home/prabh_7p1rxca/systolic/runs/RUN_2026-09-27_23-16-07/16-odb-setpowerconnections/tile_top.odb'…      
Reading design constraints file at                                                                                                     
'/nix/store/lcvld6fc4m68z364dyg91rkipah5cj6n-python3-3.13.9-env/lib/python3.13/site-packages/librelane/scripts/base.sdc'…              
[INFO] Using clock clk…                                                                                                                
[INFO] Setting output delay to: 5.0                                                                                                    
[INFO] Setting input delay to: 5.0                                                                                                     
[INFO] Setting load to: 0.033442                                                                                                       
[INFO] Setting clock uncertainty to: 0.25                                                                                              
[INFO] Setting clock transition to: 0.1499999999999999944488848768742172978818416595458984375                                          
[INFO] Setting timing derate to: 5.0%                                                                                                  
+ cut_rows -halo_width_x 10.0 -halo_width_y 10.0 -endcap_master sky130_fd_sc_hd__decap_3                                               
Setting global connections for newly added cells…                                                                                      
[INFO] Setting global connections...                                                                                                   
[INFO ODB-0403] 0 connections made, 0 conflicts skipped.                                                                               
Updating metrics…                                                                                                                      
Cell type report:                       Count       Area                                                                               
  Inverter                               4181   15693.80                                                                               
  Sequential cell                       25509  542586.63                                                                               
  Multi-Input combinational cell       292311 2789293.90                                                                               
  Total                                322001 3347574.34                                                                               
Writing OpenROAD database to '/home/prabh_7p1rxca/systolic/runs/RUN_2026-09-27_23-16-07/18-openroad-cutrows/tile_top.odb'…             
Writing layout to '/home/prabh_7p1rxca/systolic/runs/RUN_2026-09-27_23-16-07/18-openroad-cutrows/tile_top.def'…                        
───────────────────────────────────────────────────────── Tap/Decap Insertion ─────────────────────────────────────────────────────────
[23:50:42] VERBOSE  Running 'OpenROAD.TapEndcapInsertion' at                                                               step.py:1138
                    '../systolic/runs/RUN_2026-09-27_23-16-07/19-openroad-tapendcapinsertion'…                                         
[23:50:42] VERBOSE  Logging subprocess to                                                                                  step.py:1338
                    '../systolic/runs/RUN_2026-09-27_23-16-07/19-openroad-tapendcapinsertion/openroad-tapendcapinsertion.l             
                    og'…                                                                                                               
Reading timing models for corner nom_tt_025C_1v80…                                                                                     
Reading timing library for the 'nom_tt_025C_1v80' corner at                                                                            
'/home/prabh_7p1rxca/.ciel/ciel/sky130/versions/8afc8346a57fe1ab7934ba5a6056ea8b43078e71/sky130A/libs.ref/sky130_fd_sc_hd/lib/sky130_fd
_sc_hd__tt_025C_1v80.lib'…                                                                                                             
Reading OpenROAD database at '/home/prabh_7p1rxca/systolic/runs/RUN_2026-09-27_23-16-07/18-openroad-cutrows/tile_top.odb'…             
Reading design constraints file at                                                                                                     
'/nix/store/lcvld6fc4m68z364dyg91rkipah5cj6n-python3-3.13.9-env/lib/python3.13/site-packages/librelane/scripts/base.sdc'…              
[INFO] Using clock clk…                                                                                                                
[INFO] Setting output delay to: 5.0                                                                                                    
[INFO] Setting input delay to: 5.0                                                                                                     
[INFO] Setting load to: 0.033442                                                                                                       
[INFO] Setting clock uncertainty to: 0.25                                                                                              
[INFO] Setting clock transition to: 0.1499999999999999944488848768742172978818416595458984375                                          
[INFO] Setting timing derate to: 5.0%                                                                                                  
+ tapcell -halo_width_x 10.0 -halo_width_y 10.0 -distance 13.0 -tapcell_master sky130_fd_sc_hd__tapvpwrvgnd_1 -endcap_master           
sky130_fd_sc_hd__decap_3                                                                                                               
[INFO TAP-0004] Inserted 2126 endcaps.                                                                                                 
[INFO TAP-0005] Inserted 119280 tapcells.                                                                                              
Setting global connections for newly added cells…                                                                                      
[INFO] Setting global connections...                                                                                                   
[INFO ODB-0403] 247064 connections made, 0 conflicts skipped.                                                                          
Updating metrics…                                                                                                                      
Cell type report:                       Count       Area                                                                               
  Fill cell                              2126    7980.15                                                                               
  Tap cell                             119280  149243.14                                                                               
  Inverter                               4181   15693.80                                                                               
  Sequential cell                       25509  542586.63                                                                               
  Multi-Input combinational cell       292311 2789293.90                                                                               
  Total                                443407 3504797.63                                                                               
Writing OpenROAD database to '/home/prabh_7p1rxca/systolic/runs/RUN_2026-09-27_23-16-07/19-openroad-tapendcapinsertion/tile_top.odb'…  
Writing netlist to '/home/prabh_7p1rxca/systolic/runs/RUN_2026-09-27_23-16-07/19-openroad-tapendcapinsertion/tile_top.nl.v'…           
Writing powered netlist to '/home/prabh_7p1rxca/systolic/runs/RUN_2026-09-27_23-16-07/19-openroad-tapendcapinsertion/tile_top.pnl.v'…  
Writing layout to '/home/prabh_7p1rxca/systolic/runs/RUN_2026-09-27_23-16-07/19-openroad-tapendcapinsertion/tile_top.def'…             
Writing timing constraints to '/home/prabh_7p1rxca/systolic/runs/RUN_2026-09-27_23-16-07/19-openroad-tapendcapinsertion/tile_top.sdc'… 
──────────────────────────────────────────────────────── Add PDN obstructions ─────────────────────────────────────────────────────────
[23:51:01] VERBOSE  Running 'Odb.AddPDNObstructions' at                                                                    step.py:1138
                    '../systolic/runs/RUN_2026-09-27_23-16-07/20-odb-addpdnobstructions'…                                              
[23:51:01] INFO     'PDN_OBSTRUCTIONS' is not defined. Skipping 'Odb.AddPDNObstructions'…                                    odb.py:589
──────────────────────────────────────────────── Power Distribution Network Generation ────────────────────────────────────────────────
[23:51:01] VERBOSE  Running 'OpenROAD.GeneratePDN' at '../systolic/runs/RUN_2026-09-27_23-16-07/21-openroad-generatepdn'…  step.py:1138
[23:51:01] INFO     'PDN_CFG' not explicitly set, setting it to                                                        openroad.py:1481
                    /nix/store/lcvld6fc4m68z364dyg91rkipah5cj6n-python3-3.13.9-env/lib/python3.13/site-packages/librel                 
                    ane/scripts/openroad/common/pdn_cfg.tcl…                                                                           
[23:51:01] VERBOSE  Logging subprocess to                                                                                  step.py:1338
                    '../systolic/runs/RUN_2026-09-27_23-16-07/21-openroad-generatepdn/openroad-generatepdn.log'…                       
Reading timing models for corner nom_tt_025C_1v80…                                                                                     
Reading timing library for the 'nom_tt_025C_1v80' corner at                                                                            
'/home/prabh_7p1rxca/.ciel/ciel/sky130/versions/8afc8346a57fe1ab7934ba5a6056ea8b43078e71/sky130A/libs.ref/sky130_fd_sc_hd/lib/sky130_fd
_sc_hd__tt_025C_1v80.lib'…                                                                                                             
Reading OpenROAD database at '/home/prabh_7p1rxca/systolic/runs/RUN_2026-09-27_23-16-07/19-openroad-tapendcapinsertion/tile_top.odb'…  
Reading design constraints file at                                                                                                     
'/nix/store/lcvld6fc4m68z364dyg91rkipah5cj6n-python3-3.13.9-env/lib/python3.13/site-packages/librelane/scripts/base.sdc'…              
[INFO] Using clock clk…                                                                                                                
[INFO] Setting output delay to: 5.0                                                                                                    
[INFO] Setting input delay to: 5.0                                                                                                     
[INFO] Setting load to: 0.033442                                                                                                       
[INFO] Setting clock uncertainty to: 0.25                                                                                              
[INFO] Setting clock transition to: 0.1499999999999999944488848768742172978818416595458984375                                          
[INFO] Setting timing derate to: 5.0%                                                                                                  
[INFO] Setting global connections...                                                                                                   
[INFO ODB-0403] 0 connections made, 0 conflicts skipped.                                                                               
+ pdngen                                                                                                                               
[INFO PDN-0001] Inserting grid: stdcell_grid                                                                                           
Setting global connections for newly added cells…                                                                                      
[INFO] Setting global connections...                                                                                                   
[INFO ODB-0403] 0 connections made, 0 conflicts skipped.                                                                               
Updating metrics…                                                                                                                      
Cell type report:                       Count       Area                                                                               
  Fill cell                              2126    7980.15                                                                               
  Tap cell                             119280  149243.14                                                                               
  Inverter                               4181   15693.80                                                                               
  Sequential cell                       25509  542586.63                                                                               
  Multi-Input combinational cell       292311 2789293.90                                                                               
  Total                                443407 3504797.63                                                                               
Writing OpenROAD database to '/home/prabh_7p1rxca/systolic/runs/RUN_2026-09-27_23-16-07/21-openroad-generatepdn/tile_top.odb'…         
Writing netlist to '/home/prabh_7p1rxca/systolic/runs/RUN_2026-09-27_23-16-07/21-openroad-generatepdn/tile_top.nl.v'…                  
Writing powered netlist to '/home/prabh_7p1rxca/systolic/runs/RUN_2026-09-27_23-16-07/21-openroad-generatepdn/tile_top.pnl.v'…         
Writing layout to '/home/prabh_7p1rxca/systolic/runs/RUN_2026-09-27_23-16-07/21-openroad-generatepdn/tile_top.def'…                    
Writing timing constraints to '/home/prabh_7p1rxca/systolic/runs/RUN_2026-09-27_23-16-07/21-openroad-generatepdn/tile_top.sdc'…        
[INFO PSM-0040] All shapes on net VPWR are connected.                                                                                  
[INFO PSM-0040] All shapes on net VGND are connected.                                                                                  
─────────────────────────────────────────────────────── Remove PDN obstructions ───────────────────────────────────────────────────────
[23:51:31] VERBOSE  Running 'Odb.RemovePDNObstructions' at                                                                 step.py:1138
                    '../systolic/runs/RUN_2026-09-27_23-16-07/22-odb-removepdnobstructions'…                                           
[23:51:31] INFO     'PDN_OBSTRUCTIONS' is not defined. Skipping 'Odb.RemovePDNObstructions'…                                 odb.py:589
────────────────────────────────────────────────────────── Add Obstructions ───────────────────────────────────────────────────────────
[23:51:31] VERBOSE  Running 'Odb.AddRoutingObstructions' at                                                                step.py:1138
                    '../systolic/runs/RUN_2026-09-27_23-16-07/23-odb-addroutingobstructions'…                                          
[23:51:31] INFO     'ROUTING_OBSTRUCTIONS' is not defined. Skipping 'Odb.AddRoutingObstructions'…                            odb.py:589
────────────────────────────────────────────────────── Global Placement Skip IO ───────────────────────────────────────────────────────
[23:51:31] VERBOSE  Running 'OpenROAD.GlobalPlacementSkipIO' at                                                            step.py:1138
                    '../systolic/runs/RUN_2026-09-27_23-16-07/24-openroad-globalplacementskipio'…                                      
[23:51:31] VERBOSE  Logging subprocess to                                                                                  step.py:1338
                    '../systolic/runs/RUN_2026-09-27_23-16-07/24-openroad-globalplacementskipio/openroad-globalplacementsk             
                    ipio.log'…                                                                                                         
Reading timing models for corner nom_tt_025C_1v80…                                                                                     
Reading timing library for the 'nom_tt_025C_1v80' corner at                                                                            
'/home/prabh_7p1rxca/.ciel/ciel/sky130/versions/8afc8346a57fe1ab7934ba5a6056ea8b43078e71/sky130A/libs.ref/sky130_fd_sc_hd/lib/sky130_fd
_sc_hd__tt_025C_1v80.lib'…                                                                                                             
Reading OpenROAD database at '/home/prabh_7p1rxca/systolic/runs/RUN_2026-09-27_23-16-07/21-openroad-generatepdn/tile_top.odb'…         
Reading design constraints file at                                                                                                     
'/nix/store/lcvld6fc4m68z364dyg91rkipah5cj6n-python3-3.13.9-env/lib/python3.13/site-packages/librelane/scripts/base.sdc'…              
[INFO] Using clock clk…                                                                                                                
[INFO] Setting output delay to: 5.0                                                                                                    
[INFO] Setting input delay to: 5.0                                                                                                     
[INFO] Setting load to: 0.033442                                                                                                       
[INFO] Setting clock uncertainty to: 0.25                                                                                              
[INFO] Setting clock transition to: 0.1499999999999999944488848768742172978818416595458984375                                          
[INFO] Setting timing derate to: 5.0%                                                                                                  
+ global_placement -density 0.5 -skip_io -pad_right 0 -pad_left 0 -init_wirelength_coef 0.25                                           
[INFO GPL-0001] ---- Initialize GPL Main Data Structures                                                                               
[INFO GPL-0002] DBU: 1000                                                                                                              
[INFO GPL-0003] SiteSize: (  0.460  2.720 ) um                                                                                         
[INFO GPL-0004] CoreBBox: (  5.520 10.880 ) ( 2898.000 2902.240 ) um                                                                   
[INFO GPL-0036] Movable instances area:     3347574.339 um^2                                                                           
[INFO GPL-0037] Total instances area:       3504797.629 um^2                                                                           
[INFO GPL-0035] Pin density area adjust:    452233.207 um^2                                                                            
[INFO GPL-0032] ---- Initialize Region: Top-level                                                                                      
[INFO GPL-0006] Number of instances:            443407                                                                                 
[INFO GPL-0007] Movable instances:              322001                                                                                 
[INFO GPL-0008] Fixed instances:                121406                                                                                 
[INFO GPL-0009] Dummy instances:                     0                                                                                 
[INFO GPL-0010] Number of nets:                 323106                                                                                 
[INFO GPL-0011] Number of pins:                1169589                                                                                 
[INFO GPL-0012] Die BBox:  (  0.000  0.000 ) ( 2903.950 2914.670 ) um                                                                  
[INFO GPL-0013] Core BBox: (  5.520 10.880 ) ( 2898.000 2902.240 ) um                                                                  
[INFO GPL-0016] Core area:                  8363200.973 um^2                                                                           
[INFO GPL-0014] Region name: top-level.                                                                                                
[INFO GPL-0015] Region area:                8363200.973 um^2                                                                           
[INFO GPL-0017] Fixed instances area:       157223.290 um^2                                                                            
[INFO GPL-0018] Movable instances area:     3799807.547 um^2                                                                           
[INFO GPL-0019] Utilization:                    46.305 %                                                                               
[INFO GPL-0020] Standard cells area:        3799807.547 um^2                                                                           
[INFO GPL-0021] Large instances area:            0.000 um^2                                                                            
[INFO GPL-0005] ---- Execute Conjugate Gradient Initial Placement.                                                                     
[INFO GPL-0051] Source of initial instance position counters:                                                                          
        Odb location = 0        Core center = 322001    Region center = 0                                                              
[INFO GPL-0033] ---- Initialize Nesterov Region: Top-level                                                                             
[INFO GPL-0023] Placement target density:       0.5000                                                                                 
[INFO GPL-0024] Movable insts average area:     11.801 um^2                                                                            
[INFO GPL-0025] Ideal bin area:                 23.601 um^2                                                                            
[INFO GPL-0026] Ideal bin count:                354354                                                                                 
[INFO GPL-0027] Total bin area:             8363200.973 um^2                                                                           
[INFO GPL-0028] Bin count (X, Y):         512 ,    512                                                                                 
[INFO GPL-0029] Bin size (W * H):       5.649 *  5.647 um                                                                              
[INFO GPL-0030] Number of bins:                 262144                                                                                 
[INFO GPL-0007] ---- Execute Nesterov Global Placement.                                                                                
[INFO GPL-0031] HPWL: Half-Perimeter Wirelength                                                                                        
Iteration | Overflow |     HPWL (um) |  HPWL(%) |   Penalty | Group                                                                    
---------------------------------------------------------------                                                                        
        0 |   0.9998 |  8.292193e+05 |   +0.00% |  1.98e-17 |                                                                          
       10 |   0.9997 |  5.753407e+05 |  -30.62% |  3.23e-17 |                                                                          
       20 |   0.9997 |  5.677368e+05 |   -1.32% |  5.27e-17 |                                                                          
       30 |   0.9997 |  5.645000e+05 |   -0.57% |  8.58e-17 |                                                                          
       40 |   0.9997 |  5.627740e+05 |   -0.31% |  1.40e-16 |                                                                          
       50 |   0.9997 |  5.617621e+05 |   -0.18% |  2.28e-16 |                                                                          
       60 |   0.9997 |  5.610450e+05 |   -0.13% |  3.71e-16 |                                                                          
       70 |   0.9997 |  5.604603e+05 |   -0.10% |  6.04e-16 |                                                                          
       80 |   0.9997 |  5.600511e+05 |   -0.07% |  9.84e-16 |                                                                          
       90 |   0.9996 |  5.603255e+05 |   +0.05% |  1.60e-15 |                                                                          
      100 |   0.9996 |  5.631491e+05 |   +0.50% |  2.61e-15 |                                                                          
      110 |   0.9996 |  5.735565e+05 |   +1.85% |  4.25e-15 |                                                                          
      120 |   0.9995 |  5.998197e+05 |   +4.58% |  6.90e-15 |                                                                          
      130 |   0.9993 |  6.515634e+05 |   +8.63% |  1.12e-14 |                                                                          
      140 |   0.9990 |  7.335223e+05 |  +12.58% |  1.80e-14 |                                                                          
      150 |   0.9986 |  8.371378e+05 |  +14.13% |  2.91e-14 |                                                                          
      160 |   0.9979 |  9.493612e+05 |  +13.41% |  4.68e-14 |                                                                          
      170 |   0.9967 |  1.072972e+06 |  +13.02% |  7.52e-14 |                                                                          
      180 |   0.9947 |  1.223600e+06 |  +14.04% |  1.21e-13 |                                                                          
      190 |   0.9916 |  1.414599e+06 |  +15.61% |  1.92e-13 |                                                                          
      200 |   0.9866 |  1.663385e+06 |  +17.59% |  3.05e-13 |                                                                          
      210 |   0.9788 |  1.999377e+06 |  +20.20% |  4.80e-13 |                                                                          
      220 |   0.9675 |  2.486767e+06 |  +24.38% |  7.42e-13 |                                                                          
      230 |   0.9531 |  3.004552e+06 |  +20.82% |  1.14e-12 |                                                                          
      240 |   0.9350 |  3.600820e+06 |  +19.85% |  1.74e-12 |                                                                          
      250 |   0.9135 |  4.273248e+06 |  +18.67% |  2.64e-12 |                                                                          
      260 |   0.8881 |  5.040049e+06 |  +17.94% |  3.96e-12 |                                                                          
      270 |   0.8617 |  5.837324e+06 |  +15.82% |  5.92e-12 |                                                                          
      280 |   0.8347 |  6.642503e+06 |  +13.79% |  8.82e-12 |                                                                          
      290 |   0.8104 |  7.409895e+06 |  +11.55% |  1.32e-11 |                                                                          
      300 |   0.7857 |  8.149803e+06 |   +9.99% |  1.98e-11 |                                                                          
      310 |   0.7624 |  8.836950e+06 |   +8.43% |  2.99e-11 |                                                                          
      320 |   0.7405 |  9.383258e+06 |   +6.18% |  4.59e-11 |                                                                          
      330 |   0.7217 |  9.860333e+06 |   +5.08% |  7.10e-11 |                                                                          
      340 |   0.6988 |  1.031228e+07 |   +4.58% |  1.10e-10 |                                                                          
      350 |   0.6737 |  1.065690e+07 |   +3.34% |  1.72e-10 |                                                                          
      360 |   0.6432 |  1.099620e+07 |   +3.18% |  2.69e-10 |                                                                          
      370 |   0.6085 |  1.100691e+07 |   +0.10% |  4.37e-10 |                                                                          
      380 |   0.5699 |  1.113048e+07 |   +1.12% |  7.03e-10 |                                                                          
      390 |   0.5284 |  1.123971e+07 |   +0.98% |  1.13e-09 |                                                                          
      400 |   0.4897 |  1.105666e+07 |   -1.63% |  1.84e-09 |                                                                          
      410 |   0.4473 |  1.091046e+07 |   -1.32% |  2.98e-09 |                                                                          
      420 |   0.4116 |  1.045619e+07 |   -4.16% |  4.86e-09 |                                                                          
      430 |   0.3772 |  1.014309e+07 |   -2.99% |  7.92e-09 |                                                                          
      440 |   0.3433 |  9.984636e+06 |   -1.56% |  1.27e-08 |                                                                          
      450 |   0.3184 |  9.629115e+06 |   -3.56% |  1.88e-08 |                                                                          
      460 |   0.2933 |  9.417532e+06 |   -2.20% |  2.77e-08 |                                                                          
      470 |   0.2697 |  9.210942e+06 |   -2.19% |  4.08e-08 |                                                                          
      480 |   0.2464 |  9.094427e+06 |   -1.26% |  6.00e-08 |                                                                          
      490 |   0.2235 |  9.007075e+06 |   -0.96% |  8.84e-08 |                                                                          
      500 |   0.2011 |  8.948674e+06 |   -0.65% |  1.30e-07 |                                                                          
      510 |   0.1796 |  8.915813e+06 |   -0.37% |  1.92e-07 |                                                                          
      520 |   0.1594 |  8.899383e+06 |   -0.18% |  2.83e-07 |                                                                          
      530 |   0.1404 |  8.893052e+06 |   -0.07% |  4.16e-07 |                                                                          
      540 |   0.1230 |  8.897708e+06 |   +0.05% |  6.13e-07 |                                                                          
      550 |   0.1086 |  8.858260e+06 |   -0.44% |  9.03e-07 |                                                                          
      558 |   0.0993 |  8.880003e+06 |          |  1.28e-06 |                                                                          
---------------------------------------------------------------                                                                        
[INFO GPL-1001] Global placement finished at iteration 558                                                                             
[INFO GPL-1002] Placed Cell Area            3799807.5467                                                                               
[INFO GPL-1003] Available Free Area         8205977.6832                                                                               
[INFO GPL-1004] Minimum Feasible Density        0.4700 (cell_area / free_area)                                                         
[INFO GPL-1006]   Suggested Target Densities:                                                                                          
[INFO GPL-1007]     - For 90% usage of free space: 0.5145                                                                              
[INFO GPL-1008]     - For 80% usage of free space: 0.5788                                                                              
[INFO GPL-1009]     - For 50% usage of free space: 0.9261                                                                              
[INFO GPL-1014] Final placement area: 3799807.55 (+0.00%)                                                                              
Setting global connections for newly added cells…                                                                                      
[INFO] Setting global connections...                                                                                                   
[INFO ODB-0403] 0 connections made, 0 conflicts skipped.                                                                               
Updating metrics…                                                                                                                      
Cell type report:                       Count       Area                                                                               
  Fill cell                              2126    7980.15                                                                               
  Tap cell                             119280  149243.14                                                                               
  Inverter                               4181   15693.80                                                                               
  Sequential cell                       25509  542586.63                                                                               
  Multi-Input combinational cell       292311 2789293.90                                                                               
  Total                                443407 3504797.63                                                                               
Writing OpenROAD database to                                                                                                           
'/home/prabh_7p1rxca/systolic/runs/RUN_2026-09-27_23-16-07/24-openroad-globalplacementskipio/tile_top.odb'…                            
Writing netlist to '/home/prabh_7p1rxca/systolic/runs/RUN_2026-09-27_23-16-07/24-openroad-globalplacementskipio/tile_top.nl.v'…        
Writing powered netlist to                                                                                                             
'/home/prabh_7p1rxca/systolic/runs/RUN_2026-09-27_23-16-07/24-openroad-globalplacementskipio/tile_top.pnl.v'…                          
Writing layout to '/home/prabh_7p1rxca/systolic/runs/RUN_2026-09-27_23-16-07/24-openroad-globalplacementskipio/tile_top.def'…          
Writing timing constraints to                                                                                                          
'/home/prabh_7p1rxca/systolic/runs/RUN_2026-09-27_23-16-07/24-openroad-globalplacementskipio/tile_top.sdc'…                            
──────────────────────────────────────────────────────────── I/O Placement ────────────────────────────────────────────────────────────
[23:54:18] VERBOSE  Running 'OpenROAD.IOPlacement' at '../systolic/runs/RUN_2026-09-27_23-16-07/25-openroad-ioplacement'…  step.py:1138
[23:54:18] VERBOSE  Logging subprocess to                                                                                  step.py:1338
                    '../systolic/runs/RUN_2026-09-27_23-16-07/25-openroad-ioplacement/openroad-ioplacement.log'…                       
Reading timing models for corner nom_tt_025C_1v80…                                                                                     
Reading timing library for the 'nom_tt_025C_1v80' corner at                                                                            
'/home/prabh_7p1rxca/.ciel/ciel/sky130/versions/8afc8346a57fe1ab7934ba5a6056ea8b43078e71/sky130A/libs.ref/sky130_fd_sc_hd/lib/sky130_fd
_sc_hd__tt_025C_1v80.lib'…                                                                                                             
Reading OpenROAD database at                                                                                                           
'/home/prabh_7p1rxca/systolic/runs/RUN_2026-09-27_23-16-07/24-openroad-globalplacementskipio/tile_top.odb'…                            
Reading design constraints file at                                                                                                     
'/nix/store/lcvld6fc4m68z364dyg91rkipah5cj6n-python3-3.13.9-env/lib/python3.13/site-packages/librelane/scripts/base.sdc'…              
[INFO] Using clock clk…                                                                                                                
[INFO] Setting output delay to: 5.0                                                                                                    
[INFO] Setting input delay to: 5.0                                                                                                     
[INFO] Setting load to: 0.033442                                                                                                       
[INFO] Setting clock uncertainty to: 0.25                                                                                              
[INFO] Setting clock transition to: 0.1499999999999999944488848768742172978818416595458984375                                          
[INFO] Setting timing derate to: 5.0%                                                                                                  
+ place_pins -hor_layers met3 -ver_layers met2                                                                                         
Found 0 macro blocks.                                                                                                                  
Using 2 tracks default min distance between IO pins.                                                                                   
[INFO PPL-0001] Number of available slots 10588                                                                                        
[INFO PPL-0002] Number of I/O             1624                                                                                         
[INFO PPL-0003] Number of I/O w/sink      1624                                                                                         
[INFO PPL-0004] Number of I/O w/o sink    0                                                                                            
[INFO PPL-0005] Slots per section         200                                                                                          
[INFO PPL-0008] Successfully assigned pins to sections.                                                                                
[INFO PPL-0012] I/O nets HPWL: 1029660.88 um.                                                                                          
Setting global connections for newly added cells…                                                                                      
[INFO] Setting global connections...                                                                                                   
[INFO ODB-0403] 0 connections made, 0 conflicts skipped.                                                                               
Updating metrics…                                                                                                                      
Cell type report:                       Count       Area                                                                               
  Fill cell                              2126    7980.15                                                                               
  Tap cell                             119280  149243.14                                                                               
  Inverter                               4181   15693.80                                                                               
  Sequential cell                       25509  542586.63                                                                               
  Multi-Input combinational cell       292311 2789293.90                                                                               
  Total                                443407 3504797.63                                                                               
Writing OpenROAD database to '/home/prabh_7p1rxca/systolic/runs/RUN_2026-09-27_23-16-07/25-openroad-ioplacement/tile_top.odb'…         
Writing netlist to '/home/prabh_7p1rxca/systolic/runs/RUN_2026-09-27_23-16-07/25-openroad-ioplacement/tile_top.nl.v'…                  
Writing powered netlist to '/home/prabh_7p1rxca/systolic/runs/RUN_2026-09-27_23-16-07/25-openroad-ioplacement/tile_top.pnl.v'…         
Writing layout to '/home/prabh_7p1rxca/systolic/runs/RUN_2026-09-27_23-16-07/25-openroad-ioplacement/tile_top.def'…                    
Writing timing constraints to '/home/prabh_7p1rxca/systolic/runs/RUN_2026-09-27_23-16-07/25-openroad-ioplacement/tile_top.sdc'…        
─────────────────────────────────────────────────── Custom I/O Pin Placement Script ───────────────────────────────────────────────────
[23:54:40] VERBOSE  Running 'Odb.CustomIOPlacement' at                                                                     step.py:1138
                    '../systolic/runs/RUN_2026-09-27_23-16-07/26-odb-customioplacement'…                                               
[23:54:40] INFO     No custom I/O placement file configured, skipping 'Odb.CustomIOPlacement'…                               odb.py:718
───────────────────────────────────────────────────────── Apply DEF Template ──────────────────────────────────────────────────────────
[23:54:40] VERBOSE  Running 'Odb.ApplyDEFTemplate' at '../systolic/runs/RUN_2026-09-27_23-16-07/27-odb-applydeftemplate'…  step.py:1138
[23:54:40] INFO     No DEF template provided, skipping 'Odb.ApplyDEFTemplate'…                                               odb.py:302
────────────────────────────────────────────────────────── Global Placement ───────────────────────────────────────────────────────────
[23:54:40] VERBOSE  Running 'OpenROAD.GlobalPlacement' at                                                                  step.py:1138
                    '../systolic/runs/RUN_2026-09-27_23-16-07/28-openroad-globalplacement'…                                            
[23:54:40] VERBOSE  Logging subprocess to                                                                                  step.py:1338
                    '../systolic/runs/RUN_2026-09-27_23-16-07/28-openroad-globalplacement/openroad-globalplacement.log'…               
Reading timing models for corner nom_tt_025C_1v80…                                                                                     
Reading timing library for the 'nom_tt_025C_1v80' corner at                                                                            
'/home/prabh_7p1rxca/.ciel/ciel/sky130/versions/8afc8346a57fe1ab7934ba5a6056ea8b43078e71/sky130A/libs.ref/sky130_fd_sc_hd/lib/sky130_fd
_sc_hd__tt_025C_1v80.lib'…                                                                                                             
Reading OpenROAD database at '/home/prabh_7p1rxca/systolic/runs/RUN_2026-09-27_23-16-07/25-openroad-ioplacement/tile_top.odb'…         
Reading design constraints file at                                                                                                     
'/nix/store/lcvld6fc4m68z364dyg91rkipah5cj6n-python3-3.13.9-env/lib/python3.13/site-packages/librelane/scripts/base.sdc'…              
[INFO] Using clock clk…                                                                                                                
[INFO] Setting output delay to: 5.0                                                                                                    
[INFO] Setting input delay to: 5.0                                                                                                     
[INFO] Setting load to: 0.033442                                                                                                       
[INFO] Setting clock uncertainty to: 0.25                                                                                              
[INFO] Setting clock transition to: 0.1499999999999999944488848768742172978818416595458984375                                          
[INFO] Setting timing derate to: 5.0%                                                                                                  
[INFO] Setting signal min routing layer to: met1 and clock min routing layer to met1.                                                  
[INFO] Setting signal max routing layer to: met5 and clock max routing layer to met5.                                                  
+ global_placement -density 0.5 -routability_driven -pad_right 0 -pad_left 0 -init_wirelength_coef 0.25                                
[INFO GPL-0001] ---- Initialize GPL Main Data Structures                                                                               
[INFO GPL-0002] DBU: 1000                                                                                                              
[INFO GPL-0003] SiteSize: (  0.460  2.720 ) um                                                                                         
[INFO GPL-0004] CoreBBox: (  5.520 10.880 ) ( 2898.000 2902.240 ) um                                                                   
[INFO GPL-0036] Movable instances area:     3347574.339 um^2                                                                           
[INFO GPL-0037] Total instances area:       3504797.629 um^2                                                                           
[INFO GPL-0035] Pin density area adjust:    452233.207 um^2                                                                            
[INFO GPL-0032] ---- Initialize Region: Top-level                                                                                      
[INFO GPL-0006] Number of instances:            443407                                                                                 
[INFO GPL-0007] Movable instances:              322001                                                                                 
[INFO GPL-0008] Fixed instances:                121406                                                                                 
[INFO GPL-0009] Dummy instances:                     0                                                                                 
[INFO GPL-0010] Number of nets:                 323106                                                                                 
[INFO GPL-0011] Number of pins:                1171213                                                                                 
[INFO GPL-0012] Die BBox:  (  0.000  0.000 ) ( 2903.950 2914.670 ) um                                                                  
[INFO GPL-0013] Core BBox: (  5.520 10.880 ) ( 2898.000 2902.240 ) um                                                                  
[INFO GPL-0016] Core area:                  8363200.973 um^2                                                                           
[INFO GPL-0014] Region name: top-level.                                                                                                
[INFO GPL-0015] Region area:                8363200.973 um^2                                                                           
[INFO GPL-0017] Fixed instances area:       157223.290 um^2                                                                            
[INFO GPL-0018] Movable instances area:     3799807.547 um^2                                                                           
[INFO GPL-0019] Utilization:                    46.305 %                                                                               
[INFO GPL-0020] Standard cells area:        3799807.547 um^2                                                                           
[INFO GPL-0021] Large instances area:            0.000 um^2                                                                            
[INFO GPL-0005] ---- Execute Conjugate Gradient Initial Placement.                                                                     
[INFO GPL-0051] Source of initial instance position counters:                                                                          
        Odb location = 322001   Core center = 0 Region center = 0                                                                      
[InitialPlace]  Iter: 1 conjugate gradient residual: 0.00059918 HPWL: 11960332445                                                      
[InitialPlace]  Iter: 2 conjugate gradient residual: 0.00056938 HPWL: 8829034443                                                       
[InitialPlace]  Iter: 3 conjugate gradient residual: 0.00052218 HPWL: 7902799713                                                       
[InitialPlace]  Iter: 4 conjugate gradient residual: 0.00043841 HPWL: 7392915381                                                       
[InitialPlace]  Iter: 5 conjugate gradient residual: 0.00040493 HPWL: 7041118262                                                       
[InitialPlace]  Iter: 6 conjugate gradient residual: 0.00034784 HPWL: 6776372826                                                       
[InitialPlace]  Iter: 7 conjugate gradient residual: 0.00026871 HPWL: 6561592530                                                       
[InitialPlace]  Iter: 8 conjugate gradient residual: 0.00030023 HPWL: 6357856502                                                       
[InitialPlace]  Iter: 9 conjugate gradient residual: 0.00040167 HPWL: 6221905671                                                       
[InitialPlace]  Iter: 10 conjugate gradient residual: 0.00024285 HPWL: 6062580554                                                      
[InitialPlace]  Iter: 11 conjugate gradient residual: 0.00023273 HPWL: 5951712664                                                      
[InitialPlace]  Iter: 12 conjugate gradient residual: 0.00019470 HPWL: 5834453461                                                      
[InitialPlace]  Iter: 13 conjugate gradient residual: 0.00022919 HPWL: 5753959364                                                      
[InitialPlace]  Iter: 14 conjugate gradient residual: 0.00017696 HPWL: 5685289217                                                      
[InitialPlace]  Iter: 15 conjugate gradient residual: 0.00026614 HPWL: 5621005434                                                      
[InitialPlace]  Iter: 16 conjugate gradient residual: 0.00019345 HPWL: 5558203523                                                      
[InitialPlace]  Iter: 17 conjugate gradient residual: 0.00017327 HPWL: 5498071777                                                      
[InitialPlace]  Iter: 18 conjugate gradient residual: 0.00016374 HPWL: 5450549803                                                      
[InitialPlace]  Iter: 19 conjugate gradient residual: 0.00017665 HPWL: 5409086002                                                      
[InitialPlace]  Iter: 20 conjugate gradient residual: 0.00014355 HPWL: 5373762169                                                      
[INFO GPL-0033] ---- Initialize Nesterov Region: Top-level                                                                             
[INFO GPL-0023] Placement target density:       0.5000                                                                                 
[INFO GPL-0024] Movable insts average area:     11.801 um^2                                                                            
[INFO GPL-0025] Ideal bin area:                 23.601 um^2                                                                            
[INFO GPL-0026] Ideal bin count:                354354                                                                                 
[INFO GPL-0027] Total bin area:             8363200.973 um^2                                                                           
[INFO GPL-0028] Bin count (X, Y):         512 ,    512                                                                                 
[INFO GPL-0029] Bin size (W * H):       5.649 *  5.647 um                                                                              
[INFO GPL-0030] Number of bins:                 262144                                                                                 
[INFO GPL-0007] ---- Execute Nesterov Global Placement.                                                                                
[INFO GPL-0031] HPWL: Half-Perimeter Wirelength                                                                                        
Iteration | Overflow |     HPWL (um) |  HPWL(%) |   Penalty | Group                                                                    
---------------------------------------------------------------                                                                        
        0 |   0.9689 |  3.709312e+06 |   +0.00% |  4.26e-16 |                                                                          
       10 |   0.9385 |  4.586303e+06 |  +23.64% |  6.12e-16 |                                                                          
       20 |   0.9209 |  4.903385e+06 |   +6.91% |  9.65e-16 |                                                                          
       30 |   0.9084 |  5.146016e+06 |   +4.95% |  1.53e-15 |                                                                          
       40 |   0.9002 |  5.311290e+06 |   +3.21% |  2.45e-15 |                                                                          
       50 |   0.8944 |  5.414045e+06 |   +1.93% |  3.94e-15 |                                                                          
       60 |   0.8909 |  5.481784e+06 |   +1.25% |  6.36e-15 |                                                                          
       70 |   0.8886 |  5.537106e+06 |   +1.01% |  1.03e-14 |                                                                          
       80 |   0.8881 |  5.565135e+06 |   +0.51% |  1.67e-14 |                                                                          
       90 |   0.8886 |  5.572832e+06 |   +0.14% |  2.72e-14 |                                                                          
      100 |   0.8902 |  5.573620e+06 |   +0.01% |  4.43e-14 |                                                                          
      110 |   0.8920 |  5.574208e+06 |   +0.01% |  7.21e-14 |                                                                          
      120 |   0.8929 |  5.577776e+06 |   +0.06% |  1.17e-13 |                                                                          
      130 |   0.8930 |  5.586974e+06 |   +0.16% |  1.91e-13 |                                                                          
      140 |   0.8928 |  5.608306e+06 |   +0.38% |  3.11e-13 |                                                                          
      150 |   0.8914 |  5.645750e+06 |   +0.67% |  5.04e-13 |                                                                          
      160 |   0.8892 |  5.698934e+06 |   +0.94% |  8.16e-13 |                                                                          
      170 |   0.8862 |  5.772780e+06 |   +1.30% |  1.32e-12 |                                                                          
      180 |   0.8816 |  5.880151e+06 |   +1.86% |  2.13e-12 |                                                                          
      190 |   0.8742 |  6.042104e+06 |   +2.75% |  3.40e-12 |                                                                          
      200 |   0.8624 |  6.286988e+06 |   +4.05% |  5.40e-12 |                                                                          
      210 |   0.8454 |  6.631596e+06 |   +5.48% |  8.48e-12 |                                                                          
      220 |   0.8241 |  7.099640e+06 |   +7.06% |  1.32e-11 |                                                                          
      230 |   0.7954 |  7.908093e+06 |  +11.39% |  1.97e-11 |                                                                          
      240 |   0.7685 |  8.719669e+06 |  +10.26% |  2.93e-11 |                                                                          
      250 |   0.7466 |  9.395268e+06 |   +7.75% |  4.42e-11 |                                                                          
      260 |   0.7279 |  1.003920e+07 |   +6.85% |  6.71e-11 |                                                                          
      270 |   0.7102 |  1.033706e+07 |   +2.97% |  1.05e-10 |                                                                          
      280 |   0.6838 |  1.017940e+07 |   -1.53% |  1.71e-10 |                                                                          
      290 |   0.6375 |  1.041661e+07 |   +2.33% |  2.73e-10 |                                                                          
      300 |   0.5988 |  1.114995e+07 |   +7.04% |  4.11e-10 |                                                                          
[INFO GPL-0038] Routability snapshot saved at iter = 301                                                                               
      300 |   0.5988 |  1.114995e+07 |          |           |                                                                          
      310 |   0.5773 |  1.106500e+07 |   -0.76% |  6.53e-10 |                                                                          
      320 |   0.5394 |  1.037101e+07 |   -6.27% |  1.06e-09 |                                                                          
      330 |   0.4915 |  1.090328e+07 |   +5.13% |  1.63e-09 |                                                                          
      340 |   0.4640 |  1.003569e+07 |   -7.96% |  2.66e-09 |                                                                          
      350 |   0.4155 |  1.030762e+07 |   +2.71% |  4.16e-09 |                                                                          
      360 |   0.3830 |  9.735196e+06 |   -5.55% |  6.78e-09 |                                                                          
      370 |   0.3514 |  9.693357e+06 |   -0.43% |  1.07e-08 |                                                                          
      380 |   0.3227 |  9.430809e+06 |   -2.71% |  1.60e-08 |                                                                          
[INFO GPL-0040] Routability iteration: 1                                                                                               
[23:57:24] WARNING  [GRT-0281] Net _253233_ has a large fanout of 1027 terminals.                                       openroad.py:314
[23:57:24] WARNING  [GRT-0281] Net _253238_ has a large fanout of 4957 terminals.                                       openroad.py:314
[23:57:25] WARNING  [GRT-0281] Net _253595_ has a large fanout of 3873 terminals.                                       openroad.py:314
[23:57:25] WARNING  [GRT-0281] Net clk has a large fanout of 25510 terminals.                                           openroad.py:314
[23:57:25] WARNING  [GRT-0281] Net compute_core_inst.array_inst.drain_en has a large fanout of 4431 terminals.          openroad.py:314
[23:57:25] WARNING  [GRT-0281] Net rptr[2] has a large fanout of 2146 terminals.                                        openroad.py:314
[23:57:25] WARNING  [GRT-0281] Net rptr[3] has a large fanout of 2055 terminals.                                        openroad.py:314
[23:57:25] WARNING  [GRT-0281] Net rptr[4] has a large fanout of 1030 terminals.                                        openroad.py:314
[INFO GPL-0041] Total routing overflow: 77.9049                                                                                        
[INFO GPL-0042] Number of overflowed tiles: 1266 (0.71%)                                                                               
[INFO GPL-0043] Average top 0.5% routing congestion: 1.0833                                                                            
[INFO GPL-0044] Average top 1.0% routing congestion: 1.0409                                                                            
[INFO GPL-0045] Average top 2.0% routing congestion: 0.9986                                                                            
[INFO GPL-0046] Average top 5.0% routing congestion: 0.9414                                                                            
[INFO GPL-0047] Routability iteration weighted routing congestion: 1.0621                                                              
[INFO GPL-0048] Routing congestion (1.0621) lower than previous minimum (1e+30). Updating minimum.                                     
[INFO GPL-0051] Inflated area:               11140.876 um^2 (+0.29%)                                                                   
[INFO GPL-0052] Placement target density:       0.5000                                                                                 
[INFO GPL-0076] Removing fillers, count: Before: 25769, After: 24823 (-3.67%)                                                          
[INFO GPL-0077] Filler area (um^2)     : Before: 303181.212, After: 292046.170 (-3.67%)                                                
[INFO GPL-0078] Removed fillers count: 946, area removed: 11129.826 um^2. Remaining area to be compensated by modifying density: 11.049
um^2                                                                                                                                   
[INFO GPL-0058] White space area:           8205977.683 um^2 (+0.00%)                                                                  
[INFO GPL-0059] Movable instances area:     4102988.759 um^2 (+0.00%)                                                                  
[INFO GPL-0060] Total filler area:          292046.170 um^2 (-3.67%)                                                                   
[INFO GPL-0061] Total non-inflated area:    4102994.592 um^2 (+0.00%)                                                                  
[INFO GPL-0062] Total inflated area:        4114135.468 um^2 (+0.00%)                                                                  
[INFO GPL-0063] New Target Density:             0.5000                                                                                 
[INFO GPL-0087] Routability end iteration: increase inflation and revert back to snapshot.                                             
Iteration | Overflow |     HPWL (um) |  HPWL(%) |   Penalty | Group                                                                    
---------------------------------------------------------------                                                                        
      390 |   0.5970 |  1.120359e+07 |  +18.80% |  4.28e-10 |                                                                          
      400 |   0.5867 |  1.081288e+07 |   -3.49% |  5.76e-10 |                                                                          
      410 |   0.5589 |  1.016686e+07 |   -5.97% |  8.48e-10 |                                                                          
      420 |   0.5195 |  1.059599e+07 |   +4.22% |  1.20e-09 |                                                                          
      430 |   0.4985 |  9.939849e+06 |   -6.19% |  1.77e-09 |                                                                          
      440 |   0.4589 |  9.955278e+06 |   +0.16% |  2.57e-09 |                                                                          
      450 |   0.4344 |  9.601897e+06 |   -3.55% |  3.75e-09 |                                                                          
      460 |   0.3981 |  9.714448e+06 |   +1.17% |  5.42e-09 |                                                                          
      470 |   0.3759 |  9.264616e+06 |   -4.63% |  7.97e-09 |                                                                          
      480 |   0.3467 |  9.133713e+06 |   -1.41% |  1.17e-08 |                                                                          
      490 |   0.3203 |  9.048749e+06 |   -0.93% |  1.72e-08 |                                                                          
[INFO GPL-0040] Routability iteration: 2                                                                                               
[INFO GPL-0041] Total routing overflow: 22.3576                                                                                        
[INFO GPL-0042] Number of overflowed tiles: 456 (0.26%)                                                                                
[INFO GPL-0043] Average top 0.5% routing congestion: 1.0160                                                                            
[INFO GPL-0044] Average top 1.0% routing congestion: 0.9809                                                                            
[INFO GPL-0045] Average top 2.0% routing congestion: 0.9441                                                                            
[INFO GPL-0046] Average top 5.0% routing congestion: 0.8916                                                                            
[INFO GPL-0047] Routability iteration weighted routing congestion: 0.9984                                                              
[INFO GPL-0050] Weighted routing congestion is lower than target routing congestion(1.0100), end routability optimization.             
[INFO GPL-0090] Routability finished. Target routing congestion achieved succesfully.                                                  
Iteration | Overflow |     HPWL (um) |  HPWL(%) |   Penalty | Group                                                                    
---------------------------------------------------------------                                                                        
      500 |   0.2962 |  8.888081e+06 |   -1.78% |  2.53e-08 |                                                                          
      510 |   0.2717 |  8.797358e+06 |   -1.02% |  3.73e-08 |                                                                          
      520 |   0.2484 |  8.718474e+06 |   -0.90% |  5.49e-08 |                                                                          
      530 |   0.2259 |  8.672998e+06 |   -0.52% |  8.09e-08 |                                                                          
      540 |   0.2038 |  8.647632e+06 |   -0.29% |  1.19e-07 |                                                                          
      550 |   0.1828 |  8.637943e+06 |   -0.11% |  1.76e-07 |                                                                          
      560 |   0.1622 |  8.639088e+06 |   +0.01% |  2.59e-07 |                                                                          
      570 |   0.1431 |  8.646547e+06 |   +0.09% |  3.81e-07 |                                                                          
      580 |   0.1258 |  8.659991e+06 |   +0.16% |  5.60e-07 |                                                                          
      590 |   0.1098 |  8.677455e+06 |   +0.20% |  8.24e-07 |                                                                          
      598 |   0.0998 |  8.670164e+06 |          |  1.17e-06 |                                                                          
---------------------------------------------------------------                                                                        
[INFO GPL-1001] Global placement finished at iteration 598                                                                             
[INFO GPL-1003] Routability mode iteration count: 197                                                                                  
[INFO GPL-1005] Routability final weighted congestion: 0.9601                                                                          
[INFO GPL-1002] Placed Cell Area            3810948.4223                                                                               
[INFO GPL-1003] Available Free Area         8205977.6832                                                                               
[INFO GPL-1004] Minimum Feasible Density        0.4700 (cell_area / free_area)                                                         
[INFO GPL-1006]   Suggested Target Densities:                                                                                          
[INFO GPL-1007]     - For 90% usage of free space: 0.5160                                                                              
[INFO GPL-1008]     - For 80% usage of free space: 0.5805                                                                              
[INFO GPL-1009]     - For 50% usage of free space: 0.9288                                                                              
[INFO GPL-1011] Original area (um^2): 3799807.55                                                                                       
[INFO GPL-1012] Total routability artificial inflation: 11140.88 (+0.29%)                                                              
[INFO GPL-1014] Final placement area: 3810948.42 (+0.29%)                                                                              
Setting global connections for newly added cells…                                                                                      
[INFO] Setting global connections...                                                                                                   
[INFO ODB-0403] 0 connections made, 0 conflicts skipped.                                                                               
Updating metrics…                                                                                                                      
Cell type report:                       Count       Area                                                                               
  Fill cell                              2126    7980.15                                                                               
  Tap cell                             119280  149243.14                                                                               
  Inverter                               4181   15693.80                                                                               
  Sequential cell                       25509  542586.63                                                                               
  Multi-Input combinational cell       292311 2789293.90                                                                               
  Total                                443407 3504797.63                                                                               
Writing OpenROAD database to '/home/prabh_7p1rxca/systolic/runs/RUN_2026-09-27_23-16-07/28-openroad-globalplacement/tile_top.odb'…     
Writing netlist to '/home/prabh_7p1rxca/systolic/runs/RUN_2026-09-27_23-16-07/28-openroad-globalplacement/tile_top.nl.v'…              
Writing powered netlist to '/home/prabh_7p1rxca/systolic/runs/RUN_2026-09-27_23-16-07/28-openroad-globalplacement/tile_top.pnl.v'…     
Writing layout to '/home/prabh_7p1rxca/systolic/runs/RUN_2026-09-27_23-16-07/28-openroad-globalplacement/tile_top.def'…                
Writing timing constraints to '/home/prabh_7p1rxca/systolic/runs/RUN_2026-09-27_23-16-07/28-openroad-globalplacement/tile_top.sdc'…    
──────────────────────────────────────────────────────── Write Verilog Header ─────────────────────────────────────────────────────────
[23:59:02] VERBOSE  Running 'Odb.WriteVerilogHeader' at                                                                    step.py:1138
                    '../systolic/runs/RUN_2026-09-27_23-16-07/29-odb-writeverilogheader'…                                              
[23:59:02] VERBOSE  Logging subprocess to                                                                                  step.py:1338
                    '../systolic/runs/RUN_2026-09-27_23-16-07/29-odb-writeverilogheader/odb-writeverilogheader.log'…                   
──────────────────────────────────────────────────── Power Grid Violation Checker ─────────────────────────────────────────────────────
[23:59:05] VERBOSE  Running 'Checker.PowerGridViolations' at                                                               step.py:1138
                    '../systolic/runs/RUN_2026-09-27_23-16-07/30-checker-powergridviolations'…                                         
[23:59:05] INFO     Check for power grid violations (as reported by OpenROAD PSM- you may ignore these if LVS passes)    checker.py:131
                    clear.                                                                                                             
────────────────────────────────────────────────── Static Timing Analysis (Mid-PnR) ───────────────────────────────────────────────────
[23:59:05] VERBOSE  Running 'OpenROAD.STAMidPNR' at '../systolic/runs/RUN_2026-09-27_23-16-07/31-openroad-stamidpnr'…      step.py:1138
[23:59:05] VERBOSE  Logging subprocess to                                                                                  step.py:1338
                    '../systolic/runs/RUN_2026-09-27_23-16-07/31-openroad-stamidpnr/openroad-stamidpnr.log'…                           
Reading timing models for corner nom_tt_025C_1v80…                                                                                     
Reading timing library for the 'nom_tt_025C_1v80' corner at                                                                            
'/home/prabh_7p1rxca/.ciel/ciel/sky130/versions/8afc8346a57fe1ab7934ba5a6056ea8b43078e71/sky130A/libs.ref/sky130_fd_sc_hd/lib/sky130_fd
_sc_hd__tt_025C_1v80.lib'…                                                                                                             
Reading OpenROAD database at '/home/prabh_7p1rxca/systolic/runs/RUN_2026-09-27_23-16-07/28-openroad-globalplacement/tile_top.odb'…     
Reading design constraints file at                                                                                                     
'/nix/store/lcvld6fc4m68z364dyg91rkipah5cj6n-python3-3.13.9-env/lib/python3.13/site-packages/librelane/scripts/base.sdc'…              
[INFO] Using clock clk…                                                                                                                
[INFO] Setting output delay to: 5.0                                                                                                    
[INFO] Setting input delay to: 5.0                                                                                                     
[INFO] Setting load to: 0.033442                                                                                                       
[INFO] Setting clock uncertainty to: 0.25                                                                                              
[INFO] Setting clock transition to: 0.1499999999999999944488848768742172978818416595458984375                                          
[INFO] Setting timing derate to: 5.0%                                                                                                  
──────────────────────────────────────────────── Repair Design (Post-Global Placement) ────────────────────────────────────────────────
[00:08:42] VERBOSE  Running 'OpenROAD.RepairDesignPostGPL' at                                                              step.py:1138
                    '../systolic/runs/RUN_2026-09-27_23-16-07/32-openroad-repairdesignpostgpl'…                                        
[00:08:42] VERBOSE  Logging subprocess to                                                                                  step.py:1338
                    '../systolic/runs/RUN_2026-09-27_23-16-07/32-openroad-repairdesignpostgpl/openroad-repairdesignpostgpl             
                    .log'…                                                                                                             
Reading timing models for corner max_tt_025C_1v80…                                                                                     
Reading timing library for the 'max_tt_025C_1v80' corner at                                                                            
'/home/prabh_7p1rxca/.ciel/ciel/sky130/versions/8afc8346a57fe1ab7934ba5a6056ea8b43078e71/sky130A/libs.ref/sky130_fd_sc_hd/lib/sky130_fd
_sc_hd__tt_025C_1v80.lib'…                                                                                                             
Reading timing models for corner min_ss_100C_1v60…                                                                                     
Reading timing library for the 'min_ss_100C_1v60' corner at                                                                            
'/home/prabh_7p1rxca/.ciel/ciel/sky130/versions/8afc8346a57fe1ab7934ba5a6056ea8b43078e71/sky130A/libs.ref/sky130_fd_sc_hd/lib/sky130_fd
_sc_hd__ss_100C_1v60.lib'…                                                                                                             
Reading timing models for corner nom_tt_025C_1v80…                                                                                     
Reading timing library for the 'nom_tt_025C_1v80' corner at                                                                            
'/home/prabh_7p1rxca/.ciel/ciel/sky130/versions/8afc8346a57fe1ab7934ba5a6056ea8b43078e71/sky130A/libs.ref/sky130_fd_sc_hd/lib/sky130_fd
_sc_hd__tt_025C_1v80.lib'…                                                                                                             
[00:08:43] WARNING  [STA-1140]                                                                                          openroad.py:314
                    /home/prabh_7p1rxca/.ciel/ciel/sky130/versions/8afc8346a57fe1ab7934ba5a6056ea8b43078e71/sky130A/lib                
                    s.ref/sky130_fd_sc_hd/lib/sky130_fd_sc_hd__tt_025C_1v80.lib line 1, library                                        
                    sky130_fd_sc_hd__tt_025C_1v80 already exists.                                                                      
Reading timing models for corner max_ff_n40C_1v95…                                                                                     
Reading timing library for the 'max_ff_n40C_1v95' corner at                                                                            
'/home/prabh_7p1rxca/.ciel/ciel/sky130/versions/8afc8346a57fe1ab7934ba5a6056ea8b43078e71/sky130A/libs.ref/sky130_fd_sc_hd/lib/sky130_fd
_sc_hd__ff_n40C_1v95.lib'…                                                                                                             
Reading timing models for corner nom_ff_n40C_1v95…                                                                                     
Reading timing library for the 'nom_ff_n40C_1v95' corner at                                                                            
'/home/prabh_7p1rxca/.ciel/ciel/sky130/versions/8afc8346a57fe1ab7934ba5a6056ea8b43078e71/sky130A/libs.ref/sky130_fd_sc_hd/lib/sky130_fd
_sc_hd__ff_n40C_1v95.lib'…                                                                                                             
[00:08:44] WARNING  [STA-1140]                                                                                          openroad.py:314
                    /home/prabh_7p1rxca/.ciel/ciel/sky130/versions/8afc8346a57fe1ab7934ba5a6056ea8b43078e71/sky130A/lib                
                    s.ref/sky130_fd_sc_hd/lib/sky130_fd_sc_hd__ff_n40C_1v95.lib line 1, library                                        
                    sky130_fd_sc_hd__ff_n40C_1v95 already exists.                                                                      
Reading timing models for corner max_ss_100C_1v60…                                                                                     
Reading timing library for the 'max_ss_100C_1v60' corner at                                                                            
'/home/prabh_7p1rxca/.ciel/ciel/sky130/versions/8afc8346a57fe1ab7934ba5a6056ea8b43078e71/sky130A/libs.ref/sky130_fd_sc_hd/lib/sky130_fd
_sc_hd__ss_100C_1v60.lib'…                                                                                                             
[00:08:44] WARNING  [STA-1140]                                                                                          openroad.py:314
                    /home/prabh_7p1rxca/.ciel/ciel/sky130/versions/8afc8346a57fe1ab7934ba5a6056ea8b43078e71/sky130A/lib                
                    s.ref/sky130_fd_sc_hd/lib/sky130_fd_sc_hd__ss_100C_1v60.lib line 1, library                                        
                    sky130_fd_sc_hd__ss_100C_1v60 already exists.                                                                      
Reading timing models for corner min_tt_025C_1v80…                                                                                     
Reading timing library for the 'min_tt_025C_1v80' corner at                                                                            
'/home/prabh_7p1rxca/.ciel/ciel/sky130/versions/8afc8346a57fe1ab7934ba5a6056ea8b43078e71/sky130A/libs.ref/sky130_fd_sc_hd/lib/sky130_fd
_sc_hd__tt_025C_1v80.lib'…                                                                                                             
[00:08:44] WARNING  [STA-1140]                                                                                          openroad.py:314
                    /home/prabh_7p1rxca/.ciel/ciel/sky130/versions/8afc8346a57fe1ab7934ba5a6056ea8b43078e71/sky130A/lib                
                    s.ref/sky130_fd_sc_hd/lib/sky130_fd_sc_hd__tt_025C_1v80.lib line 1, library                                        
                    sky130_fd_sc_hd__tt_025C_1v80 already exists.                                                                      
Reading timing models for corner nom_ss_100C_1v60…                                                                                     
Reading timing library for the 'nom_ss_100C_1v60' corner at                                                                            
'/home/prabh_7p1rxca/.ciel/ciel/sky130/versions/8afc8346a57fe1ab7934ba5a6056ea8b43078e71/sky130A/libs.ref/sky130_fd_sc_hd/lib/sky130_fd
_sc_hd__ss_100C_1v60.lib'…                                                                                                             
[00:08:45] WARNING  [STA-1140]                                                                                          openroad.py:314
                    /home/prabh_7p1rxca/.ciel/ciel/sky130/versions/8afc8346a57fe1ab7934ba5a6056ea8b43078e71/sky130A/lib                
                    s.ref/sky130_fd_sc_hd/lib/sky130_fd_sc_hd__ss_100C_1v60.lib line 1, library                                        
                    sky130_fd_sc_hd__ss_100C_1v60 already exists.                                                                      
Reading timing models for corner min_ff_n40C_1v95…                                                                                     
Reading timing library for the 'min_ff_n40C_1v95' corner at                                                                            
'/home/prabh_7p1rxca/.ciel/ciel/sky130/versions/8afc8346a57fe1ab7934ba5a6056ea8b43078e71/sky130A/libs.ref/sky130_fd_sc_hd/lib/sky130_fd
_sc_hd__ff_n40C_1v95.lib'…                                                                                                             
[00:08:45] WARNING  [STA-1140]                                                                                          openroad.py:314
                    /home/prabh_7p1rxca/.ciel/ciel/sky130/versions/8afc8346a57fe1ab7934ba5a6056ea8b43078e71/sky130A/lib                
                    s.ref/sky130_fd_sc_hd/lib/sky130_fd_sc_hd__ff_n40C_1v95.lib line 1, library                                        
                    sky130_fd_sc_hd__ff_n40C_1v95 already exists.                                                                      
Reading OpenROAD database at '/home/prabh_7p1rxca/systolic/runs/RUN_2026-09-27_23-16-07/28-openroad-globalplacement/tile_top.odb'…     
Reading design constraints file at                                                                                                     
'/nix/store/lcvld6fc4m68z364dyg91rkipah5cj6n-python3-3.13.9-env/lib/python3.13/site-packages/librelane/scripts/base.sdc'…              
[INFO] Using clock clk…                                                                                                                
[INFO] Setting output delay to: 5.0                                                                                                    
[INFO] Setting input delay to: 5.0                                                                                                     
[INFO] Setting load to: 0.033442                                                                                                       
[INFO] Setting clock uncertainty to: 0.25                                                                                              
[INFO] Setting clock transition to: 0.1499999999999999944488848768742172978818416595458984375                                          
[INFO] Setting timing derate to: 5.0%                                                                                                  
[INFO RSZ-0027] Inserted 1104 sky130_fd_sc_hd__clkdlybuf4s25_1 input buffers.                                                          
[INFO RSZ-0028] Inserted 519 sky130_fd_sc_hd__clkdlybuf4s25_1 output buffers.                                                          
+ repair_design -verbose -max_wire_length 0.0 -slew_margin 20.0 -cap_margin 20.0                                                       
Iteration |   Area    | Resized | Buffers | Nets repaired | Remaining                                                                  
---------------------------------------------------------------------                                                                  
        0 |     +0.0% |       0 |       0 |             0 |    324729                                                                  
     1000 |     +0.0% |       0 |       0 |             0 |    323729                                                                  
     2000 |     +0.1% |      62 |     367 |            95 |    322729                                                                  
     3000 |     +0.2% |      83 |     523 |           139 |    321729                                                                  
     4000 |     +0.2% |      83 |     523 |           139 |    320729                                                                  
     5000 |     +0.2% |      83 |     523 |           139 |    319729                                                                  
     6000 |     +0.2% |      83 |     524 |           140 |    318729                                                                  
     7000 |     +0.2% |      85 |     548 |           146 |    317729                                                                  
     8000 |     +0.2% |      85 |     558 |           148 |    316729                                                                  
     9000 |     +0.2% |      85 |     559 |           149 |    315729                                                                  
    10000 |     +0.2% |      85 |     597 |           157 |    314729                                                                  
    11000 |     +0.2% |      85 |     630 |           162 |    313729                                                                  
    12000 |     +0.2% |      85 |     639 |           167 |    312729                                                                  
    13000 |     +0.2% |      85 |     647 |           171 |    311729                                                                  
    14000 |     +0.3% |      85 |     699 |           183 |    310729                                                                  
    15000 |     +0.3% |      85 |     699 |           183 |    309729                                                                  
    16000 |     +0.3% |      85 |     758 |           194 |    308729                                                                  
    17000 |     +0.3% |      86 |     786 |           202 |    307729                                                                  
    18000 |     +0.3% |      86 |     801 |           205 |    306729                                                                  
    19000 |     +0.3% |      86 |     803 |           207 |    305729                                                                  
    20000 |     +0.3% |      86 |     803 |           207 |    304729                                                                  
    21000 |     +0.3% |      87 |     806 |           209 |    303729                                                                  
    22000 |     +0.3% |      87 |     806 |           209 |    302729                                                                  
    23000 |     +0.3% |      87 |     807 |           210 |    301729                                                                  
    24000 |     +0.3% |      87 |     807 |           210 |    300729                                                                  
    25000 |     +0.3% |      88 |     811 |           211 |    299729                                                                  
    26000 |     +0.3% |      88 |     811 |           211 |    298729                                                                  
    27000 |     +0.3% |      88 |     812 |           212 |    297729                                                                  
    28000 |     +0.3% |      89 |     815 |           214 |    296729                                                                  
    29000 |     +0.3% |      91 |     823 |           218 |    295729                                                                  
    30000 |     +0.3% |      91 |     823 |           218 |    294729                                                                  
    31000 |     +0.3% |      91 |     824 |           219 |    293729                                                                  
    32000 |     +0.3% |      92 |     828 |           221 |    292729                                                                  
    33000 |     +0.3% |      92 |     828 |           221 |    291729                                                                  
    34000 |     +0.3% |      92 |     831 |           224 |    290729                                                                  
    35000 |     +0.3% |      92 |     837 |           231 |    289729                                                                  
    36000 |     +0.3% |      92 |     838 |           232 |    288729                                                                  
    37000 |     +0.3% |      92 |     845 |           238 |    287729                                                                  
    38000 |     +0.3% |      92 |     845 |           238 |    286729                                                                  
    39000 |     +0.3% |      93 |     856 |           247 |    285729                                                                  
    40000 |     +0.3% |      93 |     856 |           247 |    284729                                                                  
    41000 |     +0.3% |      93 |     858 |           249 |    283729                                                                  
    42000 |     +0.3% |      93 |     865 |           255 |    282729                                                                  
    43000 |     +0.3% |      93 |     892 |           269 |    281729                                                                  
    44000 |     +0.3% |      93 |     903 |           275 |    280729                                                                  
    45000 |     +0.3% |      94 |     909 |           281 |    279729                                                                  
    46000 |     +0.3% |      94 |     947 |           299 |    278729                                                                  
    47000 |     +0.3% |      94 |    1012 |           325 |    277729                                                                  
    48000 |     +0.4% |      94 |    1081 |           351 |    276729                                                                  
    49000 |     +0.4% |      94 |    1133 |           375 |    275729                                                                  
    50000 |     +0.4% |      95 |    1161 |           389 |    274729                                                                  
    51000 |     +0.4% |      95 |    1168 |           396 |    273729                                                                  
    52000 |     +0.4% |      95 |    1271 |           429 |    272729                                                                  
    53000 |     +0.4% |      95 |    1393 |           466 |    271729                                                                  
    54000 |     +0.5% |      95 |    1525 |           505 |    270729                                                                  
    55000 |     +0.5% |      95 |    1654 |           543 |    269729                                                                  
    56000 |     +0.5% |      95 |    1753 |           573 |    268729                                                                  
    57000 |     +0.5% |      96 |    1763 |           582 |    267729                                                                  
    58000 |     +0.6% |      96 |    1828 |           596 |    266729                                                                  
    59000 |     +0.6% |      96 |    2119 |           648 |    265729                                                                  
    60000 |     +0.7% |      96 |    2329 |           687 |    264729                                                                  
    61000 |     +0.7% |      96 |    2506 |           724 |    263729                                                                  
    62000 |     +0.8% |      99 |    2524 |           736 |    262729                                                                  
    63000 |     +0.8% |     100 |    2549 |           747 |    261729                                                                  
    64000 |     +0.8% |     100 |    2619 |           761 |    260729                                                                  
    65000 |     +0.8% |     100 |    2704 |           777 |    259729                                                                  
    66000 |     +0.8% |     100 |    2789 |           798 |    258729                                                                  
    67000 |     +0.8% |     102 |    2800 |           806 |    257729                                                                  
    68000 |     +0.8% |     105 |    2829 |           813 |    256729                                                                  
    69000 |     +0.8% |     105 |    2843 |           815 |    255729                                                                  
    70000 |     +0.9% |     105 |    2906 |           825 |    254729                                                                  
    71000 |     +0.9% |     106 |    2915 |           833 |    253729                                                                  
    72000 |     +0.9% |     108 |    2925 |           840 |    252729                                                                  
    73000 |     +0.9% |     108 |    2926 |           841 |    251729                                                                  
    74000 |     +0.9% |     108 |    2933 |           842 |    250729                                                                  
    75000 |     +0.9% |     109 |    2943 |           849 |    249729                                                                  
    76000 |     +0.9% |     110 |    2954 |           858 |    248729                                                                  
    77000 |     +0.9% |     110 |    2965 |           869 |    247729                                                                  
    78000 |     +0.9% |     110 |    2967 |           871 |    246729                                                                  
    79000 |     +0.9% |     110 |    2967 |           871 |    245729                                                                  
    80000 |     +0.9% |     110 |    2972 |           876 |    244729                                                                  
    81000 |     +0.9% |     112 |    2988 |           888 |    243729                                                                  
    82000 |     +0.9% |     113 |    2996 |           894 |    242729                                                                  
    83000 |     +0.9% |     113 |    3000 |           898 |    241729                                                                  
    84000 |     +0.9% |     113 |    3000 |           898 |    240729                                                                  
    85000 |     +0.9% |     113 |    3002 |           900 |    239729                                                                  
    86000 |     +0.9% |     116 |    3014 |           907 |    238729                                                                  
    87000 |     +0.9% |     117 |    3024 |           915 |    237729                                                                  
    88000 |     +0.9% |     119 |    3033 |           921 |    236729                                                                  
    89000 |     +0.9% |     119 |    3033 |           921 |    235729                                                                  
    90000 |     +0.9% |     119 |    3033 |           921 |    234729                                                                  
    91000 |     +0.9% |     119 |    3036 |           924 |    233729                                                                  
    92000 |     +0.9% |     119 |    3049 |           937 |    232729                                                                  
    93000 |     +0.9% |     120 |    3055 |           941 |    231729                                                                  
    94000 |     +0.9% |     122 |    3066 |           947 |    230729                                                                  
    95000 |     +0.9% |     122 |    3066 |           947 |    229729                                                                  
    96000 |     +0.9% |     122 |    3066 |           947 |    228729                                                                  
    97000 |     +0.9% |     122 |    3068 |           949 |    227729                                                                  
    98000 |     +0.9% |     123 |    3072 |           952 |    226729                                                                  
    99000 |     +0.9% |     125 |    3086 |           962 |    225729                                                                  
   100000 |     +0.9% |     126 |    3100 |           974 |    224729                                                                  
   101000 |     +0.9% |     126 |    3108 |           982 |    223729                                                                  
   102000 |     +0.9% |     126 |    3108 |           982 |    222729                                                                  
   103000 |     +0.9% |     126 |    3108 |           982 |    221729                                                                  
   104000 |     +0.9% |     126 |    3125 |           985 |    220729                                                                  
   105000 |     +0.9% |     127 |    3128 |           987 |    219729                                                                  
   106000 |     +0.9% |     127 |    3137 |           996 |    218729                                                                  
   107000 |     +0.9% |     131 |    3151 |          1005 |    217729                                                                  
   108000 |     +0.9% |     132 |    3157 |          1010 |    216729                                                                  
   109000 |     +0.9% |     132 |    3157 |          1010 |    215729                                                                  
   110000 |     +0.9% |     132 |    3157 |          1010 |    214729                                                                  
   111000 |     +0.9% |     132 |    3157 |          1010 |    213729                                                                  
   112000 |     +0.9% |     132 |    3157 |          1010 |    212729                                                                  
   113000 |     +0.9% |     132 |    3191 |          1013 |    211729                                                                  
   114000 |     +0.9% |     132 |    3191 |          1013 |    210729                                                                  
   115000 |     +0.9% |     134 |    3202 |          1021 |    209729                                                                  
   116000 |     +0.9% |     134 |    3202 |          1021 |    208729                                                                  
   117000 |     +0.9% |     134 |    3202 |          1021 |    207729                                                                  
   118000 |     +0.9% |     134 |    3202 |          1021 |    206729                                                                  
   119000 |     +0.9% |     134 |    3202 |          1021 |    205729                                                                  
   120000 |     +0.9% |     134 |    3202 |          1021 |    204729                                                                  
   121000 |     +0.9% |     134 |    3202 |          1021 |    203729                                                                  
   122000 |     +0.9% |     134 |    3261 |          1026 |    202729                                                                  
   123000 |     +0.9% |     134 |    3276 |          1029 |    201729                                                                  
   124000 |     +0.9% |     135 |    3306 |          1036 |    200729                                                                  
   125000 |     +0.9% |     135 |    3307 |          1037 |    199729                                                                  
   126000 |     +0.9% |     135 |    3319 |          1040 |    198729                                                                  
   127000 |     +0.9% |     135 |    3319 |          1040 |    197729                                                                  
   128000 |     +0.9% |     135 |    3320 |          1041 |    196729                                                                  
   129000 |     +0.9% |     135 |    3320 |          1041 |    195729                                                                  
   130000 |     +0.9% |     135 |    3320 |          1041 |    194729                                                                  
   131000 |     +0.9% |     135 |    3320 |          1041 |    193729                                                                  
   132000 |     +1.0% |     136 |    3379 |          1051 |    192729                                                                  
   133000 |     +1.0% |     136 |    3402 |          1059 |    191729                                                                  
   134000 |     +1.0% |     136 |    3436 |          1063 |    190729                                                                  
   135000 |     +1.0% |     136 |    3436 |          1063 |    189729                                                                  
   136000 |     +1.0% |     136 |    3442 |          1066 |    188729                                                                  
   137000 |     +1.0% |     136 |    3463 |          1071 |    187729                                                                  
   138000 |     +1.0% |     136 |    3496 |          1077 |    186729                                                                  
   139000 |     +1.0% |     136 |    3496 |          1077 |    185729                                                                  
   140000 |     +1.0% |     136 |    3496 |          1077 |    184729                                                                  
   141000 |     +1.0% |     136 |    3496 |          1077 |    183729                                                                  
   142000 |     +1.0% |     136 |    3496 |          1077 |    182729                                                                  
   143000 |     +1.0% |     136 |    3496 |          1077 |    181729                                                                  
   144000 |     +1.0% |     136 |    3536 |          1082 |    180729                                                                  
   145000 |     +1.0% |     136 |    3640 |          1101 |    179729                                                                  
   146000 |     +1.0% |     137 |    3684 |          1110 |    178729                                                                  
   147000 |     +1.0% |     137 |    3696 |          1114 |    177729                                                                  
   148000 |     +1.0% |     138 |    3710 |          1119 |    176729                                                                  
   149000 |     +1.1% |     138 |    3781 |          1131 |    175729                                                                  
   150000 |     +1.1% |     141 |    3860 |          1145 |    174729                                                                  
   151000 |     +1.1% |     141 |    3860 |          1145 |    173729                                                                  
   152000 |     +1.1% |     141 |    3860 |          1145 |    172729                                                                  
   153000 |     +1.1% |     141 |    3860 |          1145 |    171729                                                                  
   154000 |     +1.1% |     141 |    3860 |          1145 |    170729                                                                  
   155000 |     +1.1% |     143 |    3911 |          1150 |    169729                                                                  
   156000 |     +1.1% |     144 |    4043 |          1164 |    168729                                                                  
   157000 |     +1.2% |     146 |    4145 |          1185 |    167729                                                                  
   158000 |     +1.2% |     146 |    4183 |          1192 |    166729                                                                  
   159000 |     +1.2% |     146 |    4204 |          1200 |    165729                                                                  
   160000 |     +1.2% |     146 |    4272 |          1211 |    164729                                                                  
   161000 |     +1.2% |     146 |    4382 |          1224 |    163729                                                                  
   162000 |     +1.2% |     146 |    4382 |          1224 |    162729                                                                  
   163000 |     +1.2% |     146 |    4382 |          1224 |    161729                                                                  
   164000 |     +1.2% |     146 |    4382 |          1224 |    160729                                                                  
   165000 |     +1.2% |     146 |    4382 |          1224 |    159729                                                                  
   166000 |     +1.2% |     146 |    4382 |          1224 |    158729                                                                  
   167000 |     +1.2% |     146 |    4454 |          1232 |    157729                                                                  
   168000 |     +1.3% |     149 |    4573 |          1254 |    156729                                                                  
   169000 |     +1.3% |     151 |    4631 |          1270 |    155729                                                                  
   170000 |     +1.3% |     151 |    4721 |          1289 |    154729                                                                  
   171000 |     +1.3% |     152 |    4804 |          1301 |    153729                                                                  
   172000 |     +1.4% |     153 |    4955 |          1323 |    152729                                                                  
   173000 |     +1.4% |     153 |    4989 |          1331 |    151729                                                                  
   174000 |     +1.4% |     153 |    4989 |          1331 |    150729                                                                  
   175000 |     +1.4% |     153 |    4989 |          1331 |    149729                                                                  
   176000 |     +1.4% |     153 |    4989 |          1331 |    148729                                                                  
   177000 |     +1.4% |     153 |    5049 |          1336 |    147729                                                                  
   178000 |     +1.4% |     154 |    5208 |          1356 |    146729                                                                  
   179000 |     +1.5% |     156 |    5317 |          1377 |    145729                                                                  
   180000 |     +1.5% |     157 |    5497 |          1411 |    144729                                                                  
   181000 |     +1.5% |     158 |    5582 |          1425 |    143729                                                                  
   182000 |     +1.6% |     158 |    5642 |          1432 |    142729                                                                  
   183000 |     +1.6% |     158 |    5642 |          1432 |    141729                                                                  
   184000 |     +1.6% |     158 |    5642 |          1432 |    140729                                                                  
   185000 |     +1.6% |     158 |    5642 |          1432 |    139729                                                                  
   186000 |     +1.6% |     158 |    5642 |          1432 |    138729                                                                  
   187000 |     +1.6% |     158 |    5642 |          1432 |    137729                                                                  
   188000 |     +1.6% |     159 |    5744 |          1444 |    136729                                                                  
   189000 |     +1.6% |     159 |    5931 |          1479 |    135729                                                                  
   190000 |     +1.7% |     162 |    6053 |          1498 |    134729                                                                  
   191000 |     +1.7% |     164 |    6201 |          1523 |    133729                                                                  
   192000 |     +1.7% |     164 |    6201 |          1523 |    132729                                                                  
   193000 |     +1.7% |     164 |    6201 |          1523 |    131729                                                                  
   194000 |     +1.7% |     164 |    6201 |          1523 |    130729                                                                  
   195000 |     +1.7% |     164 |    6201 |          1523 |    129729                                                                  
   196000 |     +1.7% |     164 |    6201 |          1523 |    128729                                                                  
   197000 |     +1.7% |     165 |    6277 |          1534 |    127729                                                                  
   198000 |     +1.8% |     167 |    6390 |          1550 |    126729                                                                  
   199000 |     +1.8% |     167 |    6572 |          1582 |    125729                                                                  
   200000 |     +1.8% |     169 |    6683 |          1600 |    124729                                                                  
   201000 |     +1.8% |     169 |    6684 |          1601 |    123729                                                                  
   202000 |     +1.8% |     169 |    6684 |          1601 |    122729                                                                  
   203000 |     +1.8% |     169 |    6684 |          1601 |    121729                                                                  
   204000 |     +1.8% |     169 |    6684 |          1601 |    120729                                                                  
   205000 |     +1.8% |     169 |    6684 |          1601 |    119729                                                                  
   206000 |     +1.8% |     169 |    6684 |          1601 |    118729                                                                  
   207000 |     +1.9% |     169 |    6748 |          1609 |    117729                                                                  
   208000 |     +1.9% |     169 |    6915 |          1629 |    116729                                                                  
   209000 |     +1.9% |     169 |    7061 |          1651 |    115729                                                                  
   210000 |     +2.0% |     169 |    7282 |          1659 |    114729                                                                  
   211000 |     +2.0% |     169 |    7282 |          1659 |    113729                                                                  
   212000 |     +2.0% |     169 |    7282 |          1659 |    112729                                                                  
   213000 |     +2.0% |     169 |    7282 |          1659 |    111729                                                                  
   214000 |     +2.0% |     169 |    7282 |          1659 |    110729                                                                  
   215000 |     +2.0% |     169 |    7282 |          1659 |    109729                                                                  
   216000 |     +2.0% |     169 |    7282 |          1659 |    108729                                                                  
   217000 |     +2.0% |     171 |    7419 |          1675 |    107729                                                                  
   218000 |     +2.1% |     172 |    7682 |          1708 |    106729                                                                  
   219000 |     +2.2% |     189 |    8095 |          1743 |    105729                                                                  
   220000 |     +2.2% |     189 |    8095 |          1743 |    104729                                                                  
   221000 |     +2.2% |     189 |    8095 |          1743 |    103729                                                                  
   222000 |     +2.2% |     189 |    8095 |          1743 |    102729                                                                  
   223000 |     +2.2% |     189 |    8095 |          1743 |    101729                                                                  
   224000 |     +2.2% |     189 |    8095 |          1743 |    100729                                                                  
   225000 |     +2.2% |     189 |    8095 |          1743 |     99729                                                                  
   226000 |     +2.2% |     190 |    8156 |          1750 |     98729                                                                  
   227000 |     +2.4% |     200 |    8644 |          1799 |     97729                                                                  
   228000 |     +2.5% |     217 |    9215 |          1837 |     96729                                                                  
   229000 |     +2.5% |     217 |    9215 |          1837 |     95729                                                                  
   230000 |     +2.5% |     217 |    9215 |          1837 |     94729                                                                  
   231000 |     +2.5% |     217 |    9215 |          1837 |     93729                                                                  
   232000 |     +2.5% |     217 |    9215 |          1837 |     92729                                                                  
   233000 |     +2.5% |     217 |    9215 |          1837 |     91729                                                                  
   234000 |     +2.5% |     217 |    9215 |          1837 |     90729                                                                  
   235000 |     +2.6% |     220 |    9336 |          1858 |     89729                                                                  
   236000 |     +2.7% |     237 |    9955 |          1910 |     88729                                                                  
   237000 |     +2.7% |     237 |    9965 |          1920 |     87729                                                                  
   238000 |     +2.7% |     237 |    9974 |          1929 |     86729                                                                  
   239000 |     +2.7% |     237 |    9981 |          1936 |     85729                                                                  
   240000 |     +2.7% |     237 |    9992 |          1947 |     84729                                                                  
   241000 |     +2.7% |     237 |   10000 |          1955 |     83729                                                                  
   242000 |     +2.7% |     237 |   10009 |          1964 |     82729                                                                  
   243000 |     +2.7% |     237 |   10017 |          1972 |     81729                                                                  
   244000 |     +2.7% |     237 |   10026 |          1981 |     80729                                                                  
   245000 |     +2.7% |     237 |   10033 |          1988 |     79729                                                                  
   246000 |     +2.7% |     237 |   10047 |          2002 |     78729                                                                  
   247000 |     +2.9% |     243 |   10570 |          2032 |     77729                                                                  
   248000 |     +2.9% |     247 |   10808 |          2062 |     76729                                                                  
   249000 |     +2.9% |     247 |   10808 |          2062 |     75729                                                                  
   250000 |     +2.9% |     247 |   10810 |          2064 |     74729                                                                  
   251000 |     +2.9% |     248 |   10829 |          2083 |     73729                                                                  
   252000 |     +3.0% |     249 |   10851 |          2105 |     72729                                                                  
   253000 |     +3.0% |     251 |   10872 |          2125 |     71729                                                                  
   254000 |     +3.0% |     252 |   10889 |          2141 |     70729                                                                  
   255000 |     +3.0% |     253 |   10908 |          2160 |     69729                                                                  
   256000 |     +3.0% |     254 |   10927 |          2177 |     68729                                                                  
   257000 |     +3.0% |     256 |   10944 |          2194 |     67729                                                                  
   258000 |     +3.0% |     256 |   10960 |          2210 |     66729                                                                  
   259000 |     +3.0% |     259 |   10979 |          2227 |     65729                                                                  
   260000 |     +3.0% |     261 |   10997 |          2244 |     64729                                                                  
   261000 |     +3.0% |     263 |   11017 |          2264 |     63729                                                                  
   262000 |     +3.0% |     264 |   11034 |          2281 |     62729                                                                  
   263000 |     +3.0% |     265 |   11051 |          2299 |     61729                                                                  
   264000 |     +3.1% |     266 |   11380 |          2332 |     60729                                                                  
   265000 |     +3.2% |     271 |   11593 |          2369 |     59729                                                                  
   266000 |     +3.2% |     271 |   11593 |          2369 |     58729                                                                  
   267000 |     +3.2% |     271 |   11593 |          2369 |     57729                                                                  
   268000 |     +3.2% |     271 |   11696 |          2397 |     56729                                                                  
   269000 |     +3.2% |     271 |   11856 |          2439 |     55729                                                                  
   270000 |     +3.3% |     271 |   12003 |          2478 |     54729                                                                  
   271000 |     +3.3% |     271 |   12152 |          2521 |     53729                                                                  
   272000 |     +3.4% |     271 |   12293 |          2560 |     52729                                                                  
   273000 |     +3.4% |     271 |   12444 |          2603 |     51729                                                                  
   274000 |     +3.4% |     272 |   12590 |          2644 |     50729                                                                  
   275000 |     +3.5% |     272 |   12740 |          2687 |     49729                                                                  
   276000 |     +3.5% |     272 |   12880 |          2726 |     48729                                                                  
   277000 |     +3.6% |     272 |   13043 |          2768 |     47729                                                                  
   278000 |     +3.6% |     272 |   13217 |          2808 |     46729                                                                  
   279000 |     +3.7% |     272 |   13390 |          2862 |     45729                                                                  
   280000 |     +3.7% |     272 |   13554 |          2914 |     44729                                                                  
   281000 |     +3.8% |     272 |   13705 |          2962 |     43729                                                                  
   282000 |     +3.8% |     272 |   13854 |          3007 |     42729                                                                  
   283000 |     +3.9% |     272 |   13993 |          3047 |     41729                                                                  
   284000 |     +3.9% |     272 |   14148 |          3089 |     40729                                                                  
   285000 |     +4.0% |     273 |   14300 |          3131 |     39729                                                                  
   286000 |     +4.0% |     274 |   14329 |          3148 |     38729                                                                  
   287000 |     +4.0% |     275 |   14332 |          3151 |     37729                                                                  
   288000 |     +4.0% |     285 |   14515 |          3165 |     36729                                                                  
   289000 |     +4.0% |     285 |   14515 |          3165 |     35729                                                                  
   290000 |     +4.0% |     285 |   14515 |          3165 |     34729                                                                  
   291000 |     +4.0% |     285 |   14515 |          3165 |     33729                                                                  
   292000 |     +4.0% |     285 |   14515 |          3165 |     32729                                                                  
   293000 |     +4.0% |     285 |   14515 |          3165 |     31729                                                                  
   294000 |     +4.0% |     285 |   14515 |          3165 |     30729                                                                  
   295000 |     +4.0% |     285 |   14515 |          3165 |     29729                                                                  
   296000 |     +4.1% |     285 |   14699 |          3349 |     28729                                                                  
   297000 |     +4.5% |     286 |   16251 |          3433 |     27729                                                                  
   298000 |     +4.6% |     287 |   16494 |          3576 |     26729                                                                  
   299000 |     +4.6% |     287 |   16627 |          3662 |     25729                                                                  
   300000 |     +5.3% |     293 |   19272 |          3816 |     24729                                                                  
   301000 |     +5.5% |     293 |   19778 |          4100 |     23729                                                                  
   302000 |     +5.6% |     293 |   20299 |          4393 |     22729                                                                  
   303000 |     +5.8% |     293 |   20828 |          4694 |     21729                                                                  
   304000 |     +5.9% |     293 |   21353 |          4992 |     20729                                                                  
   305000 |     +6.1% |     293 |   21857 |          5276 |     19729                                                                  
   306000 |     +6.3% |     293 |   22375 |          5568 |     18729                                                                  
   307000 |     +6.4% |     303 |   22901 |          5899 |     17729                                                                  
   308000 |     +6.6% |     404 |   23475 |          6343 |     16729                                                                  
   309000 |     +6.8% |     404 |   23998 |          6641 |     15729                                                                  
   310000 |     +6.9% |     404 |   24512 |          6933 |     14729                                                                  
   311000 |     +7.1% |     404 |   25037 |          7231 |     13729                                                                  
   312000 |     +7.2% |     404 |   25592 |          7533 |     12729                                                                  
   313000 |     +7.3% |     404 |   25724 |          7605 |     11729                                                                  
   314000 |     +7.3% |     404 |   25724 |          7605 |     10729                                                                  
   315000 |     +7.3% |     404 |   25724 |          7605 |      9729                                                                  
   316000 |     +7.3% |     404 |   25724 |          7605 |      8729                                                                  
   317000 |     +7.3% |     404 |   25724 |          7605 |      7729                                                                  
   318000 |     +7.3% |     404 |   25724 |          7605 |      6729                                                                  
   319000 |     +7.3% |     404 |   25724 |          7605 |      5729                                                                  
   320000 |     +7.3% |     404 |   25724 |          7605 |      4729                                                                  
   321000 |     +7.3% |     404 |   25724 |          7605 |      3729                                                                  
   322000 |     +7.3% |     404 |   25724 |          7605 |      2729                                                                  
   323000 |     +9.1% |     502 |   32468 |          8139 |      1729                                                                  
   324000 |    +11.2% |     840 |   40950 |          8564 |       729                                                                  
    final |    +11.2% |     840 |   40950 |          8564 |         0                                                                  
---------------------------------------------------------------------                                                                  
[INFO RSZ-0034] Found 3422 slew violations.                                                                                            
[INFO RSZ-0035] Found 7212 fanout violations.                                                                                          
[INFO RSZ-0036] Found 159 capacitance violations.                                                                                      
[INFO RSZ-0039] Resized 840 instances.                                                                                                 
[INFO RSZ-0038] Inserted 40950 buffers in 8564 nets.                                                                                   
[00:42:08] WARNING  [RSZ-0020] found 2 floating nets.                                                                   openroad.py:314
 VGND                                                                                                                                  
 VPWR                                                                                                                                  
+ detailed_placement -max_displacement  500 100                                                                                        
Placement Analysis                                                                                                                     
---------------------------------                                                                                                      
total displacement     788127.6 u                                                                                                      
average displacement        1.6 u                                                                                                      
max displacement           48.9 u                                                                                                      
original HPWL        13189470.1 u                                                                                                      
legalized HPWL       13892983.8 u                                                                                                      
delta HPWL                    5 %                                                                                                      
                                                                                                                                       
[INFO DPL-0020] Mirrored 124493 instances                                                                                              
[INFO DPL-0021] HPWL before          13892983.8 u                                                                                      
[INFO DPL-0022] HPWL after           13661413.4 u                                                                                      
[INFO DPL-0023] HPWL delta               -1.7 %                                                                                        
Setting global connections for newly added cells…                                                                                      
[INFO] Setting global connections...                                                                                                   
[INFO ODB-0403] 170292 connections made, 0 conflicts skipped.                                                                          
Updating metrics…                                                                                                                      
Cell type report:                       Count       Area                                                                               
  Fill cell                              2126    7980.15                                                                               
  Tap cell                             119280  149243.14                                                                               
  Timing Repair Buffer                  42573  392899.32                                                                               
  Inverter                               4181   15733.84                                                                               
  Sequential cell                       25509  542881.92                                                                               
  Multi-Input combinational cell       292311 2790508.82                                                                               
  Total                                485980 3899247.19                                                                               
Writing OpenROAD database to '/home/prabh_7p1rxca/systolic/runs/RUN_2026-09-27_23-16-07/32-openroad-repairdesignpostgpl/tile_top.odb'… 
Writing netlist to '/home/prabh_7p1rxca/systolic/runs/RUN_2026-09-27_23-16-07/32-openroad-repairdesignpostgpl/tile_top.nl.v'…          
Writing powered netlist to '/home/prabh_7p1rxca/systolic/runs/RUN_2026-09-27_23-16-07/32-openroad-repairdesignpostgpl/tile_top.pnl.v'… 
Writing layout to '/home/prabh_7p1rxca/systolic/runs/RUN_2026-09-27_23-16-07/32-openroad-repairdesignpostgpl/tile_top.def'…            
Writing timing constraints to '/home/prabh_7p1rxca/systolic/runs/RUN_2026-09-27_23-16-07/32-openroad-repairdesignpostgpl/tile_top.sdc'…
─────────────────────────────────────────────────────── Manual Global Placement ───────────────────────────────────────────────────────
[00:43:28] VERBOSE  Running 'Odb.ManualGlobalPlacement' at                                                                 step.py:1138
                    '../systolic/runs/RUN_2026-09-27_23-16-07/33-odb-manualglobalplacement'…                                           
[00:43:28] INFO     'MANUAL_GLOBAL_PLACEMENTS' not set. Skipping 'Odb.ManualGlobalPlacement'…                               odb.py:1031
───────────────────────────────────────────────────────── Detailed Placement ──────────────────────────────────────────────────────────
[00:43:28] VERBOSE  Running 'OpenROAD.DetailedPlacement' at                                                                step.py:1138
                    '../systolic/runs/RUN_2026-09-27_23-16-07/34-openroad-detailedplacement'…                                          
[00:43:28] VERBOSE  Logging subprocess to                                                                                  step.py:1338
                    '../systolic/runs/RUN_2026-09-27_23-16-07/34-openroad-detailedplacement/openroad-detailedplacement.log             
                    '…                                                                                                                 
Reading timing models for corner nom_tt_025C_1v80…                                                                                     
Reading timing library for the 'nom_tt_025C_1v80' corner at                                                                            
'/home/prabh_7p1rxca/.ciel/ciel/sky130/versions/8afc8346a57fe1ab7934ba5a6056ea8b43078e71/sky130A/libs.ref/sky130_fd_sc_hd/lib/sky130_fd
_sc_hd__tt_025C_1v80.lib'…                                                                                                             
Reading OpenROAD database at '/home/prabh_7p1rxca/systolic/runs/RUN_2026-09-27_23-16-07/32-openroad-repairdesignpostgpl/tile_top.odb'… 
Reading design constraints file at                                                                                                     
'/nix/store/lcvld6fc4m68z364dyg91rkipah5cj6n-python3-3.13.9-env/lib/python3.13/site-packages/librelane/scripts/base.sdc'…              
[INFO] Using clock clk…                                                                                                                
[INFO] Setting output delay to: 5.0                                                                                                    
[INFO] Setting input delay to: 5.0                                                                                                     
[INFO] Setting load to: 0.033442                                                                                                       
[INFO] Setting clock uncertainty to: 0.25                                                                                              
[INFO] Setting clock transition to: 0.1499999999999999944488848768742172978818416595458984375                                          
[INFO] Setting timing derate to: 5.0%                                                                                                  
+ detailed_placement -max_displacement  500 100                                                                                        
Placement Analysis                                                                                                                     
---------------------------------                                                                                                      
total displacement          0.0 u                                                                                                      
average displacement        0.0 u                                                                                                      
max displacement            0.0 u                                                                                                      
original HPWL        13661413.4 u                                                                                                      
legalized HPWL       13892983.8 u                                                                                                      
delta HPWL                    2 %                                                                                                      
                                                                                                                                       
[INFO DPL-0020] Mirrored 124494 instances                                                                                              
[INFO DPL-0021] HPWL before          13892983.8 u                                                                                      
[INFO DPL-0022] HPWL after           13661412.5 u                                                                                      
[INFO DPL-0023] HPWL delta               -1.7 %                                                                                        
Setting global connections for newly added cells…                                                                                      
[INFO] Setting global connections...                                                                                                   
[INFO ODB-0403] 0 connections made, 0 conflicts skipped.                                                                               
Updating metrics…                                                                                                                      
Cell type report:                       Count       Area                                                                               
  Fill cell                              2126    7980.15                                                                               
  Tap cell                             119280  149243.14                                                                               
  Timing Repair Buffer                  42573  392899.32                                                                               
  Inverter                               4181   15733.84                                                                               
  Sequential cell                       25509  542881.92                                                                               
  Multi-Input combinational cell       292311 2790508.82                                                                               
  Total                                485980 3899247.19                                                                               
Writing OpenROAD database to '/home/prabh_7p1rxca/systolic/runs/RUN_2026-09-27_23-16-07/34-openroad-detailedplacement/tile_top.odb'…   
Writing netlist to '/home/prabh_7p1rxca/systolic/runs/RUN_2026-09-27_23-16-07/34-openroad-detailedplacement/tile_top.nl.v'…            
Writing powered netlist to '/home/prabh_7p1rxca/systolic/runs/RUN_2026-09-27_23-16-07/34-openroad-detailedplacement/tile_top.pnl.v'…   
Writing layout to '/home/prabh_7p1rxca/systolic/runs/RUN_2026-09-27_23-16-07/34-openroad-detailedplacement/tile_top.def'…              
Writing timing constraints to '/home/prabh_7p1rxca/systolic/runs/RUN_2026-09-27_23-16-07/34-openroad-detailedplacement/tile_top.sdc'…  
──────────────────────────────────────────────────────── Clock Tree Synthesis ─────────────────────────────────────────────────────────
[00:44:00] VERBOSE  Running 'OpenROAD.CTS' at '../systolic/runs/RUN_2026-09-27_23-16-07/35-openroad-cts'…                  step.py:1138
[00:44:00] VERBOSE  Logging subprocess to '../systolic/runs/RUN_2026-09-27_23-16-07/35-openroad-cts/openroad-cts.log'…     step.py:1338
Reading timing models for corner max_tt_025C_1v80…                                                                                     
Reading timing library for the 'max_tt_025C_1v80' corner at                                                                            
'/home/prabh_7p1rxca/.ciel/ciel/sky130/versions/8afc8346a57fe1ab7934ba5a6056ea8b43078e71/sky130A/libs.ref/sky130_fd_sc_hd/lib/sky130_fd
_sc_hd__tt_025C_1v80.lib'…                                                                                                             
Reading timing models for corner min_ss_100C_1v60…                                                                                     
Reading timing library for the 'min_ss_100C_1v60' corner at                                                                            
'/home/prabh_7p1rxca/.ciel/ciel/sky130/versions/8afc8346a57fe1ab7934ba5a6056ea8b43078e71/sky130A/libs.ref/sky130_fd_sc_hd/lib/sky130_fd
_sc_hd__ss_100C_1v60.lib'…                                                                                                             
Reading timing models for corner nom_tt_025C_1v80…                                                                                     
Reading timing library for the 'nom_tt_025C_1v80' corner at                                                                            
'/home/prabh_7p1rxca/.ciel/ciel/sky130/versions/8afc8346a57fe1ab7934ba5a6056ea8b43078e71/sky130A/libs.ref/sky130_fd_sc_hd/lib/sky130_fd
_sc_hd__tt_025C_1v80.lib'…                                                                                                             
[00:44:00] WARNING  [STA-1140]                                                                                          openroad.py:314
                    /home/prabh_7p1rxca/.ciel/ciel/sky130/versions/8afc8346a57fe1ab7934ba5a6056ea8b43078e71/sky130A/lib                
                    s.ref/sky130_fd_sc_hd/lib/sky130_fd_sc_hd__tt_025C_1v80.lib line 1, library                                        
                    sky130_fd_sc_hd__tt_025C_1v80 already exists.                                                                      
Reading timing models for corner max_ff_n40C_1v95…                                                                                     
Reading timing library for the 'max_ff_n40C_1v95' corner at                                                                            
'/home/prabh_7p1rxca/.ciel/ciel/sky130/versions/8afc8346a57fe1ab7934ba5a6056ea8b43078e71/sky130A/libs.ref/sky130_fd_sc_hd/lib/sky130_fd
_sc_hd__ff_n40C_1v95.lib'…                                                                                                             
Reading timing models for corner nom_ff_n40C_1v95…                                                                                     
Reading timing library for the 'nom_ff_n40C_1v95' corner at                                                                            
'/home/prabh_7p1rxca/.ciel/ciel/sky130/versions/8afc8346a57fe1ab7934ba5a6056ea8b43078e71/sky130A/libs.ref/sky130_fd_sc_hd/lib/sky130_fd
_sc_hd__ff_n40C_1v95.lib'…                                                                                                             
[00:44:01] WARNING  [STA-1140]                                                                                          openroad.py:314
                    /home/prabh_7p1rxca/.ciel/ciel/sky130/versions/8afc8346a57fe1ab7934ba5a6056ea8b43078e71/sky130A/lib                
                    s.ref/sky130_fd_sc_hd/lib/sky130_fd_sc_hd__ff_n40C_1v95.lib line 1, library                                        
                    sky130_fd_sc_hd__ff_n40C_1v95 already exists.                                                                      
Reading timing models for corner max_ss_100C_1v60…                                                                                     
Reading timing library for the 'max_ss_100C_1v60' corner at                                                                            
'/home/prabh_7p1rxca/.ciel/ciel/sky130/versions/8afc8346a57fe1ab7934ba5a6056ea8b43078e71/sky130A/libs.ref/sky130_fd_sc_hd/lib/sky130_fd
_sc_hd__ss_100C_1v60.lib'…                                                                                                             
[00:44:01] WARNING  [STA-1140]                                                                                          openroad.py:314
                    /home/prabh_7p1rxca/.ciel/ciel/sky130/versions/8afc8346a57fe1ab7934ba5a6056ea8b43078e71/sky130A/lib                
                    s.ref/sky130_fd_sc_hd/lib/sky130_fd_sc_hd__ss_100C_1v60.lib line 1, library                                        
                    sky130_fd_sc_hd__ss_100C_1v60 already exists.                                                                      
Reading timing models for corner min_tt_025C_1v80…                                                                                     
Reading timing library for the 'min_tt_025C_1v80' corner at                                                                            
'/home/prabh_7p1rxca/.ciel/ciel/sky130/versions/8afc8346a57fe1ab7934ba5a6056ea8b43078e71/sky130A/libs.ref/sky130_fd_sc_hd/lib/sky130_fd
_sc_hd__tt_025C_1v80.lib'…                                                                                                             
[00:44:01] WARNING  [STA-1140]                                                                                          openroad.py:314
                    /home/prabh_7p1rxca/.ciel/ciel/sky130/versions/8afc8346a57fe1ab7934ba5a6056ea8b43078e71/sky130A/lib                
                    s.ref/sky130_fd_sc_hd/lib/sky130_fd_sc_hd__tt_025C_1v80.lib line 1, library                                        
                    sky130_fd_sc_hd__tt_025C_1v80 already exists.                                                                      
Reading timing models for corner nom_ss_100C_1v60…                                                                                     
Reading timing library for the 'nom_ss_100C_1v60' corner at                                                                            
'/home/prabh_7p1rxca/.ciel/ciel/sky130/versions/8afc8346a57fe1ab7934ba5a6056ea8b43078e71/sky130A/libs.ref/sky130_fd_sc_hd/lib/sky130_fd
_sc_hd__ss_100C_1v60.lib'…                                                                                                             
[00:44:02] WARNING  [STA-1140]                                                                                          openroad.py:314
                    /home/prabh_7p1rxca/.ciel/ciel/sky130/versions/8afc8346a57fe1ab7934ba5a6056ea8b43078e71/sky130A/lib                
                    s.ref/sky130_fd_sc_hd/lib/sky130_fd_sc_hd__ss_100C_1v60.lib line 1, library                                        
                    sky130_fd_sc_hd__ss_100C_1v60 already exists.                                                                      
Reading timing models for corner min_ff_n40C_1v95…                                                                                     
Reading timing library for the 'min_ff_n40C_1v95' corner at                                                                            
'/home/prabh_7p1rxca/.ciel/ciel/sky130/versions/8afc8346a57fe1ab7934ba5a6056ea8b43078e71/sky130A/libs.ref/sky130_fd_sc_hd/lib/sky130_fd
_sc_hd__ff_n40C_1v95.lib'…                                                                                                             
[00:44:02] WARNING  [STA-1140]                                                                                          openroad.py:314
                    /home/prabh_7p1rxca/.ciel/ciel/sky130/versions/8afc8346a57fe1ab7934ba5a6056ea8b43078e71/sky130A/lib                
                    s.ref/sky130_fd_sc_hd/lib/sky130_fd_sc_hd__ff_n40C_1v95.lib line 1, library                                        
                    sky130_fd_sc_hd__ff_n40C_1v95 already exists.                                                                      
Reading OpenROAD database at '/home/prabh_7p1rxca/systolic/runs/RUN_2026-09-27_23-16-07/34-openroad-detailedplacement/tile_top.odb'…   
Reading design constraints file at                                                                                                     
'/nix/store/lcvld6fc4m68z364dyg91rkipah5cj6n-python3-3.13.9-env/lib/python3.13/site-packages/librelane/scripts/base.sdc'…              
[INFO] Using clock clk…                                                                                                                
[INFO] Setting output delay to: 5.0                                                                                                    
[INFO] Setting input delay to: 5.0                                                                                                     
[INFO] Setting load to: 0.033442                                                                                                       
[INFO] Setting clock uncertainty to: 0.25                                                                                              
[INFO] Setting clock transition to: 0.1499999999999999944488848768742172978818416595458984375                                          
[INFO] Setting timing derate to: 5.0%                                                                                                  
[INFO] Configuring cts characterization…                                                                                               
+ configure_cts_characterization                                                                                                       
[INFO] Performing clock tree synthesis…                                                                                                
[INFO] Looking for the following net(s): clk                                                                                           
[INFO] Running Clock Tree Synthesis…                                                                                                   
+ clock_tree_synthesis -buf_list sky130_fd_sc_hd__clkbuf_8 sky130_fd_sc_hd__clkbuf_4 sky130_fd_sc_hd__clkbuf_2 -root_buf               
sky130_fd_sc_hd__clkbuf_16 -sink_clustering_enable -apply_ndr half                                                                     
[INFO CTS-0050] Root buffer is sky130_fd_sc_hd__clkbuf_16.                                                                             
[INFO CTS-0051] Sink buffer is sky130_fd_sc_hd__clkbuf_8.                                                                              
[INFO CTS-0052] The following clock buffers will be used for CTS:                                                                      
                    sky130_fd_sc_hd__clkbuf_2                                                                                          
                    sky130_fd_sc_hd__clkbuf_4                                                                                          
                    sky130_fd_sc_hd__clkbuf_8                                                                                          
[INFO CTS-0049] Characterization buffer is sky130_fd_sc_hd__clkbuf_8.                                                                  
[INFO CTS-0007] Net "clk" found for clock "clk".                                                                                       
[INFO CTS-0010]  Clock net "clk" has 25509 sinks.                                                                                      
[INFO CTS-0008] TritonCTS found 1 clock nets.                                                                                          
[INFO CTS-0097] Characterization used 3 buffer(s) types.                                                                               
[INFO CTS-0201] 0 blockages from hard placement blockages and placed macros will be used.                                              
[INFO CTS-0027] Generating H-Tree topology for net clk.                                                                                
[INFO CTS-0028]  Total number of sinks: 25509.                                                                                         
[INFO CTS-0090]  Sinks will be clustered based on buffer max cap.                                                                      
[INFO CTS-0030]  Number of static layers: 0.                                                                                           
[INFO CTS-0020]  Wire segment unit: 13600  dbu (13 um).                                                                                
[INFO CTS-0206] Best clustering solution was found from clustering size of 10 and clustering diameter of 50.                           
[INFO CTS-0019]  Total number of sinks after clustering: 2820.                                                                         
[INFO CTS-0024]  Normalized sink region: [(0.851544, 15.4348), (212.431, 212.665)].                                                    
[INFO CTS-0025]     Width:  211.5797.                                                                                                  
[INFO CTS-0026]     Height: 197.2300.                                                                                                  
 Level 1                                                                                                                               
    Direction: Horizontal                                                                                                              
    Sinks per sub-region: 1410                                                                                                         
    Sub-region size: 105.7898 X 197.2300                                                                                               
[INFO CTS-0034]     Segment length (rounded): 52.                                                                                      
 Level 2                                                                                                                               
    Direction: Vertical                                                                                                                
    Sinks per sub-region: 705                                                                                                          
    Sub-region size: 105.7898 X 98.6150                                                                                                
[INFO CTS-0034]     Segment length (rounded): 50.                                                                                      
 Level 3                                                                                                                               
    Direction: Horizontal                                                                                                              
    Sinks per sub-region: 353                                                                                                          
    Sub-region size: 52.8949 X 98.6150                                                                                                 
[INFO CTS-0034]     Segment length (rounded): 26.                                                                                      
 Level 4                                                                                                                               
    Direction: Vertical                                                                                                                
    Sinks per sub-region: 177                                                                                                          
    Sub-region size: 52.8949 X 49.3075                                                                                                 
[INFO CTS-0034]     Segment length (rounded): 24.                                                                                      
 Level 5                                                                                                                               
    Direction: Horizontal                                                                                                              
    Sinks per sub-region: 89                                                                                                           
    Sub-region size: 26.4475 X 49.3075                                                                                                 
[INFO CTS-0034]     Segment length (rounded): 14.                                                                                      
 Level 6                                                                                                                               
    Direction: Vertical                                                                                                                
    Sinks per sub-region: 45                                                                                                           
    Sub-region size: 26.4475 X 24.6538                                                                                                 
[INFO CTS-0034]     Segment length (rounded): 12.                                                                                      
 Level 7                                                                                                                               
    Direction: Horizontal                                                                                                              
    Sinks per sub-region: 23                                                                                                           
    Sub-region size: 13.2237 X 24.6538                                                                                                 
[INFO CTS-0034]     Segment length (rounded): 6.                                                                                       
 Level 8                                                                                                                               
    Direction: Vertical                                                                                                                
    Sinks per sub-region: 12                                                                                                           
    Sub-region size: 13.2237 X 12.3269                                                                                                 
[INFO CTS-0034]     Segment length (rounded): 6.                                                                                       
 Level 9                                                                                                                               
    Direction: Horizontal                                                                                                              
    Sinks per sub-region: 6                                                                                                            
    Sub-region size: 6.6119 X 12.3269                                                                                                  
[INFO CTS-0034]     Segment length (rounded): 4.                                                                                       
[INFO CTS-0032]  Stop criterion found. Max number of sinks is 10.                                                                      
[INFO CTS-0035]  Number of sinks covered: 2820.                                                                                        
[INFO CTS-0018]     Created 3429 clock buffers.                                                                                        
[INFO CTS-0012]     Minimum number of buffers in the clock path: 8.                                                                    
[INFO CTS-0013]     Maximum number of buffers in the clock path: 9.                                                                    
[INFO CTS-0015]     Created 3429 clock nets.                                                                                           
[INFO CTS-0016]     Fanout distribution for the current clock = 2:3, 3:5, 4:24, 5:321, 6:404, 7:266, 8:471, 9:540, 10:700, 11:469,     
12:120, 13:6, 14:1..                                                                                                                   
[INFO CTS-0017]     Max level of the clock tree: 9.                                                                                    
[INFO CTS-0098] Clock net "clk"                                                                                                        
[INFO CTS-0099]  Sinks 27216                                                                                                           
[INFO CTS-0100]  Leaf buffers 2818                                                                                                     
[INFO CTS-0101]  Average sink wire length 5281.50 um                                                                                   
[INFO CTS-0102]  Path depth 8 - 9                                                                                                      
[INFO CTS-0207]  Dummy loads inserted 1707                                                                                             
[INFO] Repairing long wires on clock nets…                                                                                             
[INFO RSZ-0058] Using max wire length 6884um.                                                                                          
Setting global connections for newly added cells…                                                                                      
[INFO] Setting global connections...                                                                                                   
[INFO ODB-0403] 20544 connections made, 0 conflicts skipped.                                                                           
Updating metrics…                                                                                                                      
Cell type report:                       Count       Area                                                                               
  Fill cell                              2126    7980.15                                                                               
  Tap cell                             119280  149243.14                                                                               
  Clock buffer                           4526   59617.18                                                                               
  Timing Repair Buffer                  42573  392899.32                                                                               
  Inverter                               4181   15733.84                                                                               
  Clock inverter                          610    7418.36                                                                               
  Sequential cell                       25509  542881.92                                                                               
  Multi-Input combinational cell       292311 2790508.82                                                                               
  Total                                491116 3966282.73                                                                               
Writing OpenROAD database to '/home/prabh_7p1rxca/systolic/runs/RUN_2026-09-27_23-16-07/35-openroad-cts/tile_top.odb'…                 
Writing netlist to '/home/prabh_7p1rxca/systolic/runs/RUN_2026-09-27_23-16-07/35-openroad-cts/tile_top.nl.v'…                          
Writing powered netlist to '/home/prabh_7p1rxca/systolic/runs/RUN_2026-09-27_23-16-07/35-openroad-cts/tile_top.pnl.v'…                 
Writing layout to '/home/prabh_7p1rxca/systolic/runs/RUN_2026-09-27_23-16-07/35-openroad-cts/tile_top.def'…                            
Writing timing constraints to '/home/prabh_7p1rxca/systolic/runs/RUN_2026-09-27_23-16-07/35-openroad-cts/tile_top.sdc'…                
[INFO] Legalizing…                                                                                                                     
+ detailed_placement -max_displacement  500 100                                                                                        
Placement Analysis                                                                                                                     
---------------------------------                                                                                                      
total displacement      30786.1 u                                                                                                      
average displacement        0.1 u                                                                                                      
max displacement           29.9 u                                                                                                      
original HPWL        14008369.5 u                                                                                                      
legalized HPWL       14258626.2 u                                                                                                      
delta HPWL                    2 %                                                                                                      
                                                                                                                                       
[INFO DPL-0020] Mirrored 126668 instances                                                                                              
[INFO DPL-0021] HPWL before          14258626.2 u                                                                                      
[INFO DPL-0022] HPWL after           14017853.8 u                                                                                      
[INFO DPL-0023] HPWL delta               -1.7 %                                                                                        
Setting global connections for newly added cells…                                                                                      
[INFO] Setting global connections...                                                                                                   
[INFO ODB-0403] 0 connections made, 0 conflicts skipped.                                                                               
Updating metrics…                                                                                                                      
Cell type report:                       Count       Area                                                                               
  Fill cell                              2126    7980.15                                                                               
  Tap cell                             119280  149243.14                                                                               
  Clock buffer                           4526   59617.18                                                                               
  Timing Repair Buffer                  42573  392899.32                                                                               
  Inverter                               4181   15733.84                                                                               
  Clock inverter                          610    7418.36                                                                               
  Sequential cell                       25509  542881.92                                                                               
  Multi-Input combinational cell       292311 2790508.82                                                                               
  Total                                491116 3966282.73                                                                               
Writing OpenROAD database to '/home/prabh_7p1rxca/systolic/runs/RUN_2026-09-27_23-16-07/35-openroad-cts/tile_top.odb'…                 
Writing netlist to '/home/prabh_7p1rxca/systolic/runs/RUN_2026-09-27_23-16-07/35-openroad-cts/tile_top.nl.v'…                          
Writing powered netlist to '/home/prabh_7p1rxca/systolic/runs/RUN_2026-09-27_23-16-07/35-openroad-cts/tile_top.pnl.v'…                 
Writing layout to '/home/prabh_7p1rxca/systolic/runs/RUN_2026-09-27_23-16-07/35-openroad-cts/tile_top.def'…                            
Writing timing constraints to '/home/prabh_7p1rxca/systolic/runs/RUN_2026-09-27_23-16-07/35-openroad-cts/tile_top.sdc'…                
────────────────────────────────────────────────── Static Timing Analysis (Mid-PnR) ───────────────────────────────────────────────────
[00:52:13] VERBOSE  Running 'OpenROAD.STAMidPNR-1' at '../systolic/runs/RUN_2026-09-27_23-16-07/36-openroad-stamidpnr-1'…  step.py:1138
[00:52:13] VERBOSE  Logging subprocess to                                                                                  step.py:1338
                    '../systolic/runs/RUN_2026-09-27_23-16-07/36-openroad-stamidpnr-1/openroad-stamidpnr-1.log'…                       
Reading timing models for corner nom_tt_025C_1v80…                                                                                     
Reading timing library for the 'nom_tt_025C_1v80' corner at                                                                            
'/home/prabh_7p1rxca/.ciel/ciel/sky130/versions/8afc8346a57fe1ab7934ba5a6056ea8b43078e71/sky130A/libs.ref/sky130_fd_sc_hd/lib/sky130_fd
_sc_hd__tt_025C_1v80.lib'…                                                                                                             
Reading OpenROAD database at '/home/prabh_7p1rxca/systolic/runs/RUN_2026-09-27_23-16-07/35-openroad-cts/tile_top.odb'…                 
Reading design constraints file at                                                                                                     
'/nix/store/lcvld6fc4m68z364dyg91rkipah5cj6n-python3-3.13.9-env/lib/python3.13/site-packages/librelane/scripts/base.sdc'…              
[INFO] Using clock clk…                                                                                                                
[INFO] Setting output delay to: 5.0                                                                                                    
[INFO] Setting input delay to: 5.0                                                                                                     
[INFO] Setting load to: 0.033442                                                                                                       
[INFO] Setting clock uncertainty to: 0.25                                                                                              
[INFO] Setting clock transition to: 0.1499999999999999944488848768742172978818416595458984375                                          
[INFO] Setting timing derate to: 5.0%                                                                                                  
────────────────────────────────────── Resizer Timing Optimizations (Post-Clock Tree Synthesis) ───────────────────────────────────────
[00:59:34] VERBOSE  Running 'OpenROAD.ResizerTimingPostCTS' at                                                             step.py:1138
                    '../systolic/runs/RUN_2026-09-27_23-16-07/37-openroad-resizertimingpostcts'…                                       
[00:59:34] VERBOSE  Logging subprocess to                                                                                  step.py:1338
                    '../systolic/runs/RUN_2026-09-27_23-16-07/37-openroad-resizertimingpostcts/openroad-resizertimingpostc             
                    ts.log'…                                                                                                           
Reading timing models for corner max_tt_025C_1v80…                                                                                     
Reading timing library for the 'max_tt_025C_1v80' corner at                                                                            
'/home/prabh_7p1rxca/.ciel/ciel/sky130/versions/8afc8346a57fe1ab7934ba5a6056ea8b43078e71/sky130A/libs.ref/sky130_fd_sc_hd/lib/sky130_fd
_sc_hd__tt_025C_1v80.lib'…                                                                                                             
Reading timing models for corner min_ss_100C_1v60…                                                                                     
Reading timing library for the 'min_ss_100C_1v60' corner at                                                                            
'/home/prabh_7p1rxca/.ciel/ciel/sky130/versions/8afc8346a57fe1ab7934ba5a6056ea8b43078e71/sky130A/libs.ref/sky130_fd_sc_hd/lib/sky130_fd
_sc_hd__ss_100C_1v60.lib'…                                                                                                             
Reading timing models for corner nom_tt_025C_1v80…                                                                                     
Reading timing library for the 'nom_tt_025C_1v80' corner at                                                                            
'/home/prabh_7p1rxca/.ciel/ciel/sky130/versions/8afc8346a57fe1ab7934ba5a6056ea8b43078e71/sky130A/libs.ref/sky130_fd_sc_hd/lib/sky130_fd
_sc_hd__tt_025C_1v80.lib'…                                                                                                             
[00:59:35] WARNING  [STA-1140]                                                                                          openroad.py:314
                    /home/prabh_7p1rxca/.ciel/ciel/sky130/versions/8afc8346a57fe1ab7934ba5a6056ea8b43078e71/sky130A/lib                
                    s.ref/sky130_fd_sc_hd/lib/sky130_fd_sc_hd__tt_025C_1v80.lib line 1, library                                        
                    sky130_fd_sc_hd__tt_025C_1v80 already exists.                                                                      
Reading timing models for corner max_ff_n40C_1v95…                                                                                     
Reading timing library for the 'max_ff_n40C_1v95' corner at                                                                            
'/home/prabh_7p1rxca/.ciel/ciel/sky130/versions/8afc8346a57fe1ab7934ba5a6056ea8b43078e71/sky130A/libs.ref/sky130_fd_sc_hd/lib/sky130_fd
_sc_hd__ff_n40C_1v95.lib'…                                                                                                             
Reading timing models for corner nom_ff_n40C_1v95…                                                                                     
Reading timing library for the 'nom_ff_n40C_1v95' corner at                                                                            
'/home/prabh_7p1rxca/.ciel/ciel/sky130/versions/8afc8346a57fe1ab7934ba5a6056ea8b43078e71/sky130A/libs.ref/sky130_fd_sc_hd/lib/sky130_fd
_sc_hd__ff_n40C_1v95.lib'…                                                                                                             
[00:59:36] WARNING  [STA-1140]                                                                                          openroad.py:314
                    /home/prabh_7p1rxca/.ciel/ciel/sky130/versions/8afc8346a57fe1ab7934ba5a6056ea8b43078e71/sky130A/lib                
                    s.ref/sky130_fd_sc_hd/lib/sky130_fd_sc_hd__ff_n40C_1v95.lib line 1, library                                        
                    sky130_fd_sc_hd__ff_n40C_1v95 already exists.                                                                      
Reading timing models for corner max_ss_100C_1v60…                                                                                     
Reading timing library for the 'max_ss_100C_1v60' corner at                                                                            
'/home/prabh_7p1rxca/.ciel/ciel/sky130/versions/8afc8346a57fe1ab7934ba5a6056ea8b43078e71/sky130A/libs.ref/sky130_fd_sc_hd/lib/sky130_fd
_sc_hd__ss_100C_1v60.lib'…                                                                                                             
[00:59:36] WARNING  [STA-1140]                                                                                          openroad.py:314
                    /home/prabh_7p1rxca/.ciel/ciel/sky130/versions/8afc8346a57fe1ab7934ba5a6056ea8b43078e71/sky130A/lib                
                    s.ref/sky130_fd_sc_hd/lib/sky130_fd_sc_hd__ss_100C_1v60.lib line 1, library                                        
                    sky130_fd_sc_hd__ss_100C_1v60 already exists.                                                                      
Reading timing models for corner min_tt_025C_1v80…                                                                                     
Reading timing library for the 'min_tt_025C_1v80' corner at                                                                            
'/home/prabh_7p1rxca/.ciel/ciel/sky130/versions/8afc8346a57fe1ab7934ba5a6056ea8b43078e71/sky130A/libs.ref/sky130_fd_sc_hd/lib/sky130_fd
_sc_hd__tt_025C_1v80.lib'…                                                                                                             
[00:59:36] WARNING  [STA-1140]                                                                                          openroad.py:314
                    /home/prabh_7p1rxca/.ciel/ciel/sky130/versions/8afc8346a57fe1ab7934ba5a6056ea8b43078e71/sky130A/lib                
                    s.ref/sky130_fd_sc_hd/lib/sky130_fd_sc_hd__tt_025C_1v80.lib line 1, library                                        
                    sky130_fd_sc_hd__tt_025C_1v80 already exists.                                                                      
Reading timing models for corner nom_ss_100C_1v60…                                                                                     
Reading timing library for the 'nom_ss_100C_1v60' corner at                                                                            
'/home/prabh_7p1rxca/.ciel/ciel/sky130/versions/8afc8346a57fe1ab7934ba5a6056ea8b43078e71/sky130A/libs.ref/sky130_fd_sc_hd/lib/sky130_fd
_sc_hd__ss_100C_1v60.lib'…                                                                                                             
[00:59:36] WARNING  [STA-1140]                                                                                          openroad.py:314
                    /home/prabh_7p1rxca/.ciel/ciel/sky130/versions/8afc8346a57fe1ab7934ba5a6056ea8b43078e71/sky130A/lib                
                    s.ref/sky130_fd_sc_hd/lib/sky130_fd_sc_hd__ss_100C_1v60.lib line 1, library                                        
                    sky130_fd_sc_hd__ss_100C_1v60 already exists.                                                                      
Reading timing models for corner min_ff_n40C_1v95…                                                                                     
Reading timing library for the 'min_ff_n40C_1v95' corner at                                                                            
'/home/prabh_7p1rxca/.ciel/ciel/sky130/versions/8afc8346a57fe1ab7934ba5a6056ea8b43078e71/sky130A/libs.ref/sky130_fd_sc_hd/lib/sky130_fd
_sc_hd__ff_n40C_1v95.lib'…                                                                                                             
[00:59:36] WARNING  [STA-1140]                                                                                          openroad.py:314
                    /home/prabh_7p1rxca/.ciel/ciel/sky130/versions/8afc8346a57fe1ab7934ba5a6056ea8b43078e71/sky130A/lib                
                    s.ref/sky130_fd_sc_hd/lib/sky130_fd_sc_hd__ff_n40C_1v95.lib line 1, library                                        
                    sky130_fd_sc_hd__ff_n40C_1v95 already exists.                                                                      
Reading OpenROAD database at '/home/prabh_7p1rxca/systolic/runs/RUN_2026-09-27_23-16-07/35-openroad-cts/tile_top.odb'…                 
Reading design constraints file at                                                                                                     
'/nix/store/lcvld6fc4m68z364dyg91rkipah5cj6n-python3-3.13.9-env/lib/python3.13/site-packages/librelane/scripts/base.sdc'…              
[INFO] Using clock clk…                                                                                                                
[INFO] Setting output delay to: 5.0                                                                                                    
[INFO] Setting input delay to: 5.0                                                                                                     
[INFO] Setting load to: 0.033442                                                                                                       
[INFO] Setting clock uncertainty to: 0.25                                                                                              
[INFO] Setting clock transition to: 0.1499999999999999944488848768742172978818416595458984375                                          
[INFO] Setting timing derate to: 5.0%                                                                                                  
+ repair_timing -verbose -setup -setup_margin 0.05000000000000000277555756156289135105907917022705078125 -max_buffer_percent 50.0      
[INFO RSZ-0100] Repair move sequence: UnbufferMove SizeUpMove SwapPinsMove BufferMove CloneMove SplitLoadMove                          
[INFO RSZ-0094] Found 2050 endpoints with setup violations.                                                                            
[INFO RSZ-0099] Repairing 2050 out of 2050 (100.00%) violating endpoints...                                                            
   Iter   | Removed | Resized | Inserted | Cloned |  Pin  |   Area   |    WNS   |   TNS      |  Viol  | Worst                          
          | Buffers |  Gates  | Buffers  |  Gates | Swaps |          |          |            | Endpts | Endpt                          
--------------------------------------------------------------------------------------------------------------                         
        0 |       0 |       0 |        0 |      0 |     0 |    +0.0% |  -42.553 |   -72452.5 |   2050 | _601291_/D                     
       10 |       0 |       9 |        0 |      0 |     0 |    +0.0% |  -41.760 |   -72351.5 |   2050 | _601291_/D                     
       20 |       0 |      19 |        0 |      0 |     0 |    -0.0% |  -40.878 |   -72128.5 |   2050 | _601291_/D                     
       30 |       3 |      25 |        0 |      0 |     1 |    -0.0% |  -38.250 |   -67929.9 |   2050 | _602795_/D                     
       40 |       5 |      33 |        0 |      0 |     1 |    -0.0% |  -36.342 |   -65127.9 |   2050 | _602795_/D                     
       50 |      10 |      38 |        0 |      0 |     1 |    -0.0% |  -34.453 |   -62262.4 |   2050 | _601291_/D                     
       60 |      13 |      45 |        0 |      0 |     1 |    -0.0% |  -33.800 |   -61504.0 |   2050 | _601291_/D                     
       70 |      14 |      54 |        0 |      0 |     1 |    -0.0% |  -33.345 |   -60656.1 |   2050 | _601291_/D                     
       80 |      14 |      64 |        0 |      0 |     1 |    -0.0% |  -32.985 |   -60071.3 |   2050 | _601557_/D                     
       90 |      16 |      72 |        0 |      0 |     1 |    -0.0% |  -32.780 |   -59664.5 |   2050 | _601291_/D                     
      100 |      18 |      80 |        0 |      0 |     1 |    -0.0% |  -32.174 |   -59194.2 |   2050 | _601291_/D                     
      110 |      18 |      88 |        1 |      0 |     2 |    -0.0% |  -31.972 |   -58979.7 |   2050 | _601291_/D                     
      120 |      19 |      96 |        2 |      0 |     2 |    -0.0% |  -31.697 |   -58803.1 |   2050 | _601557_/D                     
      130 |      22 |     103 |        2 |      0 |     2 |    -0.0% |  -31.496 |   -58686.4 |   2050 | _602538_/D                     
      140 |      25 |     110 |        2 |      0 |     2 |    -0.0% |  -31.422 |   -58564.7 |   2050 | _601557_/D                     
      150 |      25 |     120 |        2 |      0 |     2 |    -0.0% |  -31.220 |   -58319.2 |   2050 | _602512_/D                     
      160 |      27 |     128 |        2 |      0 |     2 |    -0.0% |  -31.036 |   -58151.5 |   2050 | _601557_/D                     
      170 |      29 |     136 |        2 |      0 |     2 |    -0.0% |  -30.879 |   -58052.7 |   2050 | _601777_/D                     
      180 |      30 |     145 |        2 |      0 |     2 |    -0.0% |  -30.795 |   -57965.7 |   2050 | _601288_/D                     
      190 |      30 |     155 |        2 |      0 |     2 |    -0.0% |  -30.534 |   -57900.6 |   2050 | _601291_/D                     
      200 |      31 |     164 |        2 |      0 |     2 |    -0.0% |  -30.432 |   -57783.1 |   2050 | _601291_/D                     
      210 |      31 |     173 |        2 |      0 |     3 |    -0.0% |  -30.308 |   -57712.4 |   2050 | _601777_/D                     
      220 |      32 |     179 |        3 |      0 |     5 |    -0.0% |  -30.267 |   -57611.7 |   2050 | _601408_/D                     
      230 |      32 |     188 |        3 |      0 |     6 |    -0.0% |  -30.158 |   -57519.1 |   2050 | _601291_/D                     
      240 |      32 |     198 |        3 |      0 |     6 |    -0.0% |  -30.020 |   -57327.2 |   2050 | _601291_/D                     
      250 |      33 |     206 |        4 |      0 |     6 |    -0.0% |  -29.926 |   -57078.9 |   2050 | _601391_/D                     
      260 |      33 |     215 |        5 |      0 |     6 |    -0.0% |  -29.810 |   -56989.5 |   2050 | _601391_/D                     
      270 |      35 |     223 |        5 |      0 |     6 |    -0.0% |  -29.707 |   -56721.4 |   2050 | _601391_/D                     
      280 |      38 |     230 |        5 |      0 |     6 |    -0.0% |  -29.602 |   -56405.3 |   2050 | _601542_/D                     
      290 |      41 |     237 |        5 |      0 |     6 |    -0.0% |  -29.478 |   -56226.0 |   2050 | _601391_/D                     
      300 |      43 |     245 |        5 |      0 |     6 |    -0.0% |  -29.295 |   -56111.9 |   2050 | _601291_/D                     
      310 |      44 |     253 |        6 |      0 |     6 |    -0.0% |  -29.161 |   -56030.4 |   2050 | _601291_/D                     
      320 |      44 |     262 |        7 |      0 |     6 |    -0.0% |  -29.016 |   -55929.8 |   2050 | _601542_/D                     
      330 |      48 |     268 |        7 |      0 |     6 |    -0.0% |  -29.000 |   -55770.4 |   2050 | _602254_/D                     
      340 |      48 |     278 |        7 |      0 |     6 |    -0.0% |  -28.881 |   -55727.8 |   2050 | _602692_/D                     
      350 |      49 |     287 |        7 |      0 |     6 |    -0.0% |  -28.859 |   -55653.1 |   2050 | _602123_/D                     
      360 |      49 |     296 |        7 |      0 |     7 |    -0.0% |  -28.819 |   -55631.7 |   2050 | _601291_/D                     
      370 |      51 |     303 |        8 |      0 |     7 |    -0.0% |  -28.739 |   -55551.9 |   2050 | _601274_/D                     
      380 |      52 |     311 |        9 |      0 |     7 |    -0.0% |  -28.658 |   -55376.8 |   2050 | _601291_/D                     
      390 |      53 |     320 |        9 |      0 |     7 |    -0.0% |  -28.600 |   -55264.9 |   2050 | _602523_/D                     
      400 |      53 |     329 |        9 |      0 |     8 |    -0.0% |  -28.496 |   -55115.7 |   2050 | _602692_/D                     
      410 |      55 |     336 |       10 |      0 |     8 |    -0.0% |  -28.374 |   -55006.9 |   2050 | _601557_/D                     
      420 |      55 |     346 |       10 |      0 |     8 |    -0.0% |  -28.292 |   -54841.9 |   2050 | _601557_/D                     
      430 |      55 |     354 |       11 |      0 |     9 |    -0.0% |  -28.273 |   -54774.2 |   2050 | _601557_/D                     
      440 |      57 |     362 |       11 |      0 |     9 |    -0.0% |  -28.150 |   -54660.3 |   2050 | _603205_/D                     
      450 |      57 |     372 |       11 |      0 |     9 |    -0.0% |  -28.093 |   -54564.5 |   2050 | _601777_/D                     
      460 |      57 |     380 |       12 |      0 |    10 |    -0.0% |  -28.031 |   -54517.9 |   2050 | _601291_/D                     
      470 |      59 |     387 |       14 |      0 |    10 |    -0.0% |  -27.968 |   -54414.9 |   2050 | _602512_/D                     
      480 |      59 |     397 |       14 |      0 |    10 |    -0.0% |  -27.877 |   -54293.9 |   2050 | _602887_/D                     
      490 |      60 |     406 |       14 |      0 |    10 |    -0.0% |  -27.825 |   -54181.3 |   2050 | _601291_/D                     
      500 |      60 |     416 |       14 |      0 |    10 |    -0.0% |  -27.751 |   -54109.6 |   2050 | _601557_/D                     
      510 |      61 |     425 |       14 |      0 |    10 |    -0.0% |  -27.707 |   -53875.0 |   2050 | _602228_/D                     
      520 |      61 |     435 |       14 |      0 |    10 |    -0.0% |  -27.587 |   -53783.5 |   2050 | _601777_/D                     
Classic - Stage 37 - Resizer Timing Optimizations (Post-Clock Tree Synthesis) ━━━━━━━━━━━━━━━━━━                       36/80 2:08:48
[01:54:06] WARNING  The following warnings were generated by the flow:                                                      flow.py:699
[01:54:06] WARNING  [OpenROAD.CheckSDCFiles] 'PNR_SDC_FILE' is not defined. Using generic fallback SDC for OpenROAD PnR     flow.py:701
                    steps.                                                                                                             
[01:54:06] WARNING  [OpenROAD.CheckSDCFiles] 'SIGNOFF_SDC_FILE' is not defined. Using generic fallback SDC for OpenROAD PnR flow.py:701
                    steps.                                                                                                             
[01:54:06] WARNING  [OpenROAD.GlobalPlacement] [GRT-0281] Net _253233_ has a large fanout of 1027 terminals. (and 7 similar flow.py:701
                    warnings)                                                                                                          
[01:54:06] WARNING  [OpenROAD.RepairDesignPostGPL] [STA-1140]                                                               flow.py:701
                    /home/prabh_7p1rxca/.ciel/ciel/sky130/versions/8afc8346a57fe1ab7934ba5a6056ea8b43078e71/sky130A/libs.re            
                    f/sky130_fd_sc_hd/lib/sky130_fd_sc_hd__tt_025C_1v80.lib line 1, library sky130_fd_sc_hd__tt_025C_1v80              
                    already exists. (and 17 similar warnings)                                                                          
[01:54:06] WARNING  [OpenROAD.RepairDesignPostGPL] [RSZ-0020] found 2 floating nets.                                        flow.py:701
[01:54:06] ERROR    The flow has encountered an unexpected error:                                                       __main__.py:185
                    OpenROAD.ResizerTimingPostCTS failed with an unexpected error. Please check                                        
                    '../systolic/runs/RUN_2026-09-27_23-16-07/37-openroad-resizertimingpostcts/openroad-resizertimingpo                
                    stcts.log' and unless you wrote the step yourself, file an issue.                                                  
                    Last 10 lines:                                                                                                     
                                  430 |      55 |     354 |       11 |      0 |     9 |    -0.0% |  -28.273 |                          
                    -54774.2 |   2050 | _601557_/D                                                                                     
                                  440 |      57 |     362 |       11 |      0 |     9 |    -0.0% |  -28.150 |                          
                    -54660.3 |   2050 | _603205_/D                                                                                     
                                  450 |      57 |     372 |       11 |      0 |     9 |    -0.0% |  -28.093 |                          
                    -54564.5 |   2050 | _601777_/D                                                                                     
                                  460 |      57 |     380 |       12 |      0 |    10 |    -0.0% |  -28.031 |                          
                    -54517.9 |   2050 | _601291_/D                                                                                     
                                  470 |      59 |     387 |       14 |      0 |    10 |    -0.0% |  -27.968 |                          
                    -54414.9 |   2050 | _602512_/D                                                                                     
                                  480 |      59 |     397 |       14 |      0 |    10 |    -0.0% |  -27.877 |                          
                    -54293.9 |   2050 | _602887_/D                                                                                     
                                  490 |      60 |     406 |       14 |      0 |    10 |    -0.0% |  -27.825 |                          
                    -54181.3 |   2050 | _601291_/D                                                                                     
                                  500 |      60 |     416 |       14 |      0 |    10 |    -0.0% |  -27.751 |                          
                    -54109.6 |   2050 | _601557_/D                                                                                     
                                  510 |      61 |     425 |       14 |      0 |    10 |    -0.0% |  -27.707 |                          
                    -53875.0 |   2050 | _602228_/D                                                                                     
                                  520 |      61 |     435 |       14 |      0 |    10 |    -0.0% |  -27.587 |                          
                    -53783.5 |   2050 | _601777_/D                                                                                     
                                                                                                                                       
[01:54:06] ERROR    LibreLane will now quit.                                                                            __main__.py:186
